/*******************************************************************************
 * Size: 14 px
 * Bpp: 4
 * Opts: --bpp 4 --size 14 --font C:/Users/webdev/SquareLine/assets/Geologica_Auto-Regular.ttf -o C:/Users/webdev/SquareLine/assets\ui_font_Geologica14.c --format lvgl -r 0x20-0x7f -r 0x400-0x4ff --no-compress --no-prefilter
 ******************************************************************************/

#include "ui.h"

#ifndef UI_FONT_GEOLOGICA14
#define UI_FONT_GEOLOGICA14 1
#endif

#if UI_FONT_GEOLOGICA14

/*-----------------
 *    BITMAPS
 *----------------*/

/*Store the image of the glyphs*/
static LV_ATTRIBUTE_LARGE_CONST const uint8_t glyph_bitmap[] = {
    /* U+0020 " " */

    /* U+0021 "!" */
    0xaf, 0x29, 0xf1, 0x8f, 0x18, 0xf0, 0x7f, 0x7,
    0xf0, 0x25, 0x0, 0x0, 0xaf, 0x39, 0xe3,

    /* U+0022 "\"" */
    0x1f, 0x49, 0xc0, 0xf3, 0x8c, 0xf, 0x37, 0xb0,
    0x81, 0x46,

    /* U+0023 "#" */
    0x0, 0xc, 0x60, 0x89, 0x0, 0x0, 0xf3, 0xb,
    0x60, 0x0, 0x2f, 0x0, 0xe3, 0x0, 0x9f, 0xff,
    0xff, 0xf3, 0x0, 0x99, 0x16, 0xd1, 0x0, 0xb,
    0x60, 0x8a, 0x0, 0x0, 0xe4, 0xa, 0x70, 0x4,
    0xff, 0xff, 0xff, 0x60, 0x7, 0xc2, 0x4f, 0x20,
    0x0, 0xa7, 0x7, 0xb0, 0x0,

    /* U+0024 "$" */
    0x0, 0xc, 0x40, 0x0, 0x5, 0xdf, 0xfb, 0x30,
    0x4f, 0x6e, 0x8a, 0x60, 0xaa, 0xd, 0x40, 0x0,
    0x8d, 0x1d, 0x40, 0x0, 0x1c, 0xff, 0x91, 0x0,
    0x0, 0x3e, 0xef, 0x60, 0x0, 0xd, 0x47, 0xf0,
    0x0, 0xd, 0x43, 0xf0, 0x7b, 0x5e, 0x8c, 0xb0,
    0x2a, 0xef, 0xf9, 0x10, 0x0, 0xc, 0x40, 0x0,

    /* U+0025 "%" */
    0x0, 0x0, 0x0, 0x0, 0x0, 0x0, 0x0, 0x6,
    0xef, 0xa0, 0x0, 0xc, 0x20, 0x0, 0x3e, 0x31,
    0xa9, 0x0, 0x6b, 0x0, 0x0, 0x7a, 0x0, 0x4d,
    0x0, 0xe3, 0x0, 0x0, 0x4e, 0x10, 0x9a, 0x8,
    0x90, 0x0, 0x0, 0x7, 0xff, 0xc1, 0x1e, 0x10,
    0x0, 0x0, 0x0, 0x1, 0x0, 0xa7, 0x4, 0xde,
    0x90, 0x0, 0x0, 0x3, 0xe0, 0x2f, 0x42, 0xaa,
    0x0, 0x0, 0xc, 0x60, 0x6b, 0x0, 0x3e, 0x0,
    0x0, 0x5d, 0x0, 0x3e, 0x31, 0xaa, 0x0, 0x0,
    0xb4, 0x0, 0x5, 0xef, 0xb1, 0x0, 0x0, 0x0,
    0x0, 0x0, 0x0, 0x0,

    /* U+0026 "&" */
    0x0, 0x2c, 0xfd, 0x40, 0x0, 0x0, 0xea, 0x39,
    0xf1, 0x0, 0x1, 0xf5, 0x2, 0xf2, 0x0, 0x0,
    0xcc, 0x2b, 0xc0, 0x0, 0x0, 0x5f, 0xf9, 0x0,
    0x75, 0x7, 0xf9, 0xec, 0x1, 0xf6, 0x1f, 0x70,
    0x2e, 0xca, 0xd0, 0x3f, 0x40, 0x2, 0xff, 0x30,
    0xe, 0xd5, 0x5b, 0xff, 0xa0, 0x2, 0xbf, 0xfa,
    0x24, 0xf8,

    /* U+0027 "'" */
    0x1f, 0x40, 0xf3, 0xf, 0x30, 0x81,

    /* U+0028 "(" */
    0x0, 0x0, 0x7, 0xb0, 0xe, 0x70, 0x4f, 0x10,
    0x9c, 0x0, 0xc9, 0x0, 0xd8, 0x0, 0xe7, 0x0,
    0xd8, 0x0, 0xab, 0x0, 0x7e, 0x0, 0x2f, 0x30,
    0xb, 0xb0, 0x2, 0x50,

    /* U+0029 ")" */
    0x0, 0x0, 0xd, 0x40, 0xa, 0xc0, 0x3, 0xf2,
    0x0, 0xf6, 0x0, 0xc9, 0x0, 0xab, 0x0, 0xab,
    0x0, 0xba, 0x0, 0xd8, 0x1, 0xf4, 0x6, 0xf0,
    0xd, 0x80, 0x6, 0x10,

    /* U+002A "*" */
    0x0, 0xd, 0x80, 0x0, 0x73, 0xc8, 0x55, 0xd,
    0xff, 0xff, 0x90, 0x7, 0xff, 0x30, 0x3, 0xf7,
    0xbd, 0x0, 0x5, 0x2, 0x30,

    /* U+002B "+" */
    0x0, 0x0, 0xb1, 0x0, 0x0, 0x0, 0xf, 0x20,
    0x0, 0x0, 0x0, 0xf2, 0x0, 0x0, 0xff, 0xff,
    0xff, 0xf1, 0x2, 0x22, 0xf4, 0x22, 0x0, 0x0,
    0xf, 0x20, 0x0, 0x0, 0x0, 0xf2, 0x0, 0x0,

    /* U+002C "," */
    0x1d, 0xa0, 0x1e, 0xf0, 0x7, 0x90, 0x4a, 0x0,

    /* U+002D "-" */
    0x1, 0x11, 0x2, 0xff, 0xf9, 0x4, 0x44, 0x20,

    /* U+002E "." */
    0x0, 0x1, 0xec, 0x1e, 0xb0,

    /* U+002F "/" */
    0x0, 0x0, 0x0, 0x0, 0x0, 0x2, 0xe2, 0x0,
    0x0, 0x8e, 0x0, 0x0, 0xe, 0x80, 0x0, 0x6,
    0xf2, 0x0, 0x0, 0xcb, 0x0, 0x0, 0x3f, 0x40,
    0x0, 0xa, 0xd0, 0x0, 0x1, 0xf6, 0x0, 0x0,
    0x7f, 0x0, 0x0, 0xe, 0x90, 0x0, 0x5, 0xf2,
    0x0, 0x0, 0xcc, 0x0, 0x0, 0x4, 0x30, 0x0,
    0x0,

    /* U+0030 "0" */
    0x0, 0x3c, 0xfe, 0x80, 0x0, 0x3f, 0xc6, 0x8f,
    0xb0, 0xc, 0xd0, 0x0, 0x5f, 0x41, 0xf7, 0x0,
    0x0, 0xe9, 0x3f, 0x40, 0x0, 0xc, 0xc3, 0xf4,
    0x0, 0x0, 0xcc, 0x1f, 0x70, 0x0, 0xe, 0x90,
    0xcd, 0x0, 0x5, 0xf4, 0x3, 0xfc, 0x68, 0xfb,
    0x0, 0x3, 0xcf, 0xe8, 0x0,

    /* U+0031 "1" */
    0x0, 0x27, 0x65, 0xcf, 0xf8, 0x89, 0x3f, 0x80,
    0x0, 0xf8, 0x0, 0xf, 0x80, 0x0, 0xf8, 0x0,
    0xf, 0x80, 0x0, 0xf8, 0x0, 0xf, 0x80, 0x0,
    0xf8,

    /* U+0032 "2" */
    0x5, 0xcf, 0xfa, 0x10, 0xd, 0x85, 0x7e, 0xd0,
    0x0, 0x0, 0x5, 0xf2, 0x0, 0x0, 0x5, 0xf2,
    0x0, 0x0, 0xc, 0xc0, 0x0, 0x0, 0x9f, 0x20,
    0x0, 0x9, 0xf3, 0x0, 0x0, 0xaf, 0x30, 0x0,
    0xb, 0xf7, 0x44, 0x42, 0x2f, 0xff, 0xff, 0xf7,

    /* U+0033 "3" */
    0x5f, 0xff, 0xff, 0xd0, 0x14, 0x44, 0x9f, 0x80,
    0x0, 0x5, 0xf7, 0x0, 0x0, 0x6f, 0x70, 0x0,
    0x0, 0xef, 0xea, 0x20, 0x0, 0x0, 0x2c, 0xd0,
    0x0, 0x0, 0x4, 0xf3, 0x0, 0x0, 0x6, 0xf3,
    0x3e, 0x85, 0x7f, 0xc0, 0x19, 0xdf, 0xe9, 0x10,

    /* U+0034 "4" */
    0x0, 0x7, 0xf2, 0x0, 0x0, 0xe, 0x90, 0x0,
    0x0, 0x7f, 0x20, 0x0, 0x0, 0xe9, 0x0, 0x0,
    0x7, 0xf2, 0x5, 0x20, 0xe, 0x90, 0xe, 0x70,
    0x7f, 0x20, 0xe, 0x70, 0xcf, 0xff, 0xff, 0xff,
    0x23, 0x33, 0x3e, 0x93, 0x0, 0x0, 0xe, 0x70,

    /* U+0035 "5" */
    0x5, 0xff, 0xff, 0xf2, 0x6, 0xd5, 0x55, 0x50,
    0x8, 0xb0, 0x0, 0x0, 0xa, 0x90, 0x0, 0x0,
    0xb, 0xef, 0xfb, 0x20, 0x3, 0x53, 0x5d, 0xe0,
    0x0, 0x0, 0x3, 0xf5, 0x0, 0x0, 0x4, 0xf4,
    0x2d, 0x75, 0x7e, 0xd0, 0x19, 0xdf, 0xea, 0x10,

    /* U+0036 "6" */
    0x0, 0x0, 0x5, 0x91, 0x0, 0x0, 0x6e, 0xfb,
    0x30, 0x0, 0x9f, 0x80, 0x0, 0x0, 0x6f, 0x70,
    0x0, 0x0, 0xe, 0xea, 0xff, 0xb2, 0x1, 0xff,
    0x73, 0x6e, 0xd0, 0x2f, 0x90, 0x0, 0x5f, 0x30,
    0xf9, 0x0, 0x5, 0xf3, 0x7, 0xf9, 0x57, 0xfb,
    0x0, 0x6, 0xdf, 0xe9, 0x0,

    /* U+0037 "7" */
    0x5f, 0xff, 0xff, 0xf1, 0x16, 0x66, 0x6d, 0xe0,
    0x0, 0x0, 0x2f, 0x70, 0x0, 0x0, 0xaf, 0x0,
    0x0, 0x2, 0xf8, 0x0, 0x0, 0x9, 0xf1, 0x0,
    0x0, 0x1f, 0x90, 0x0, 0x0, 0x9f, 0x10, 0x0,
    0x1, 0xf9, 0x0, 0x0, 0x8, 0xf2, 0x0, 0x0,

    /* U+0038 "8" */
    0x0, 0x9e, 0xfd, 0x50, 0xa, 0xe5, 0x28, 0xf3,
    0xe, 0x80, 0x0, 0xe8, 0xa, 0xd2, 0x6, 0xf4,
    0x1, 0xdf, 0xff, 0x80, 0xb, 0xe5, 0x49, 0xf4,
    0x2f, 0x50, 0x0, 0xcc, 0x3f, 0x50, 0x0, 0xcc,
    0xd, 0xe6, 0x49, 0xf6, 0x1, 0xae, 0xfd, 0x60,

    /* U+0039 "9" */
    0x1, 0x9e, 0xfc, 0x50, 0xc, 0xe7, 0x5a, 0xf4,
    0x3f, 0x50, 0x0, 0xcc, 0x4f, 0x40, 0x0, 0xbf,
    0xe, 0xd3, 0x16, 0xff, 0x4, 0xef, 0xfc, 0xfb,
    0x0, 0x2, 0x27, 0xf5, 0x0, 0x0, 0x5f, 0xa0,
    0x2, 0x6c, 0xf9, 0x0, 0x5, 0xe9, 0x30, 0x0,
    0x0, 0x0, 0x0, 0x0,

    /* U+003A ":" */
    0xc, 0xd0, 0xd, 0xe0, 0x0, 0x0, 0x0, 0x0,
    0x0, 0x0, 0xd, 0xe0, 0xc, 0xd0,

    /* U+003B ";" */
    0xc, 0xd0, 0xd, 0xe0, 0x0, 0x0, 0x0, 0x0,
    0x0, 0x0, 0xc, 0xc0, 0xc, 0xf2, 0x4, 0xc0,
    0x1b, 0x10,

    /* U+003C "<" */
    0x0, 0x0, 0x0, 0x38, 0x0, 0x0, 0x16, 0xdf,
    0xa0, 0x3, 0xaf, 0xd7, 0x10, 0x0, 0xff, 0x60,
    0x0, 0x0, 0x4, 0xaf, 0xc6, 0x0, 0x0, 0x0,
    0x17, 0xdf, 0x90, 0x0, 0x0, 0x0, 0x48, 0x0,

    /* U+003D "=" */
    0xf, 0xff, 0xff, 0xff, 0x10, 0x22, 0x22, 0x22,
    0x20, 0x0, 0x0, 0x0, 0x0, 0x0, 0xff, 0xff,
    0xff, 0xf1, 0x2, 0x22, 0x22, 0x22, 0x0,

    /* U+003E ">" */
    0x7, 0x30, 0x0, 0x0, 0x0, 0xaf, 0xd7, 0x10,
    0x0, 0x0, 0x16, 0xdf, 0xa4, 0x0, 0x0, 0x0,
    0x5f, 0xf1, 0x0, 0x5, 0xcf, 0xb5, 0x0, 0x9f,
    0xe8, 0x10, 0x0, 0x8, 0x40, 0x0, 0x0, 0x0,

    /* U+003F "?" */
    0x2b, 0xff, 0xc4, 0x3, 0xb7, 0x8f, 0xf1, 0x0,
    0x0, 0x8f, 0x30, 0x0, 0x1d, 0xd0, 0x0, 0x3e,
    0xb1, 0x0, 0xc, 0xd0, 0x0, 0x0, 0xa9, 0x0,
    0x0, 0x0, 0x0, 0x0, 0x0, 0xce, 0x10, 0x0,
    0xb, 0xe1, 0x0,

    /* U+0040 "@" */
    0x0, 0x5, 0xbd, 0xdc, 0x81, 0x0, 0x0, 0xbb,
    0x30, 0x1, 0x7d, 0x30, 0x9, 0x90, 0x9f, 0xdc,
    0x43, 0xd0, 0x1e, 0x8, 0xb0, 0x3f, 0x30, 0xc3,
    0x4a, 0xb, 0x60, 0xe, 0x20, 0xb4, 0x4a, 0x9,
    0x90, 0x4f, 0x32, 0xd0, 0x2d, 0x1, 0xad, 0xa5,
    0xdc, 0x30, 0xb, 0x70, 0x0, 0x0, 0x0, 0x0,
    0x1, 0xd9, 0x20, 0x2, 0x8b, 0x0, 0x0, 0x7,
    0xce, 0xec, 0x71, 0x0,

    /* U+0041 "A" */
    0x0, 0x3, 0xfd, 0x0, 0x0, 0x0, 0x9, 0xff,
    0x30, 0x0, 0x0, 0xf, 0x8e, 0xa0, 0x0, 0x0,
    0x6f, 0x18, 0xf1, 0x0, 0x0, 0xcb, 0x2, 0xf6,
    0x0, 0x2, 0xf5, 0x11, 0xbc, 0x0, 0x8, 0xff,
    0xff, 0xff, 0x30, 0xe, 0xb4, 0x44, 0x4f, 0x90,
    0x4f, 0x50, 0x0, 0xb, 0xf0, 0xaf, 0x0, 0x0,
    0x5, 0xf5,

    /* U+0042 "B" */
    0xbf, 0xff, 0xe9, 0x0, 0xbe, 0x33, 0x7f, 0x90,
    0xbd, 0x0, 0xc, 0xb0, 0xbd, 0x0, 0x4f, 0x50,
    0xbf, 0xff, 0xfb, 0x0, 0xbd, 0x22, 0x5f, 0xb0,
    0xbd, 0x0, 0x8, 0xf1, 0xbd, 0x0, 0x8, 0xf1,
    0xbe, 0x33, 0x6f, 0xc0, 0xbf, 0xff, 0xfa, 0x10,

    /* U+0043 "C" */
    0x0, 0x18, 0xdf, 0xfc, 0x50, 0x1, 0xdf, 0xb8,
    0x8d, 0xc0, 0xb, 0xf4, 0x0, 0x0, 0x10, 0x1f,
    0x90, 0x0, 0x0, 0x0, 0x4f, 0x50, 0x0, 0x0,
    0x0, 0x4f, 0x50, 0x0, 0x0, 0x0, 0x2f, 0x90,
    0x0, 0x0, 0x0, 0xc, 0xf4, 0x0, 0x0, 0x20,
    0x2, 0xef, 0xb8, 0x8c, 0xf2, 0x0, 0x19, 0xef,
    0xfc, 0x60,

    /* U+0044 "D" */
    0xbf, 0xff, 0xd8, 0x10, 0xb, 0xe6, 0x7a, 0xfe,
    0x10, 0xbd, 0x0, 0x4, 0xfb, 0xb, 0xd0, 0x0,
    0x9, 0xf1, 0xbd, 0x0, 0x0, 0x5f, 0x4b, 0xd0,
    0x0, 0x5, 0xf4, 0xbd, 0x0, 0x0, 0x9f, 0x1b,
    0xd0, 0x0, 0x4f, 0xb0, 0xbe, 0x77, 0xaf, 0xe1,
    0xb, 0xff, 0xfe, 0x81, 0x0,

    /* U+0045 "E" */
    0xbf, 0xff, 0xff, 0x9b, 0xe5, 0x55, 0x53, 0xbd,
    0x0, 0x0, 0xb, 0xd0, 0x0, 0x0, 0xbf, 0xff,
    0xff, 0xb, 0xe3, 0x33, 0x30, 0xbd, 0x0, 0x0,
    0xb, 0xd0, 0x0, 0x0, 0xbe, 0x66, 0x66, 0x3b,
    0xff, 0xff, 0xfa,

    /* U+0046 "F" */
    0xbf, 0xff, 0xff, 0x5b, 0xe6, 0x66, 0x62, 0xbd,
    0x0, 0x0, 0xb, 0xd0, 0x0, 0x0, 0xbd, 0x11,
    0x11, 0xb, 0xff, 0xff, 0xe0, 0xbe, 0x44, 0x44,
    0xb, 0xd0, 0x0, 0x0, 0xbd, 0x0, 0x0, 0xb,
    0xd0, 0x0, 0x0,

    /* U+0047 "G" */
    0x0, 0x7, 0xdf, 0xfd, 0x70, 0x1, 0xdf, 0xa7,
    0x7a, 0xc0, 0xa, 0xf4, 0x0, 0x0, 0x0, 0x1f,
    0x90, 0x0, 0x0, 0x0, 0x4f, 0x50, 0x0, 0x0,
    0x0, 0x4f, 0x50, 0x4, 0xff, 0xf6, 0x1f, 0x90,
    0x0, 0x33, 0xf6, 0xa, 0xf4, 0x0, 0x0, 0xf6,
    0x1, 0xcf, 0xa6, 0x68, 0xf6, 0x0, 0x7, 0xcf,
    0xfd, 0x91,

    /* U+0048 "H" */
    0xbd, 0x0, 0x0, 0x6f, 0x2b, 0xd0, 0x0, 0x6,
    0xf2, 0xbd, 0x0, 0x0, 0x6f, 0x2b, 0xd1, 0x11,
    0x17, 0xf2, 0xbf, 0xff, 0xff, 0xff, 0x2b, 0xe4,
    0x44, 0x49, 0xf2, 0xbd, 0x0, 0x0, 0x6f, 0x2b,
    0xd0, 0x0, 0x6, 0xf2, 0xbd, 0x0, 0x0, 0x6f,
    0x2b, 0xd0, 0x0, 0x6, 0xf2,

    /* U+0049 "I" */
    0xbd, 0xbd, 0xbd, 0xbd, 0xbd, 0xbd, 0xbd, 0xbd,
    0xbd, 0xbd,

    /* U+004A "J" */
    0x0, 0x0, 0xcc, 0x0, 0x0, 0xcc, 0x0, 0x0,
    0xcc, 0x0, 0x0, 0xcc, 0x0, 0x0, 0xcc, 0x0,
    0x0, 0xcc, 0x0, 0x0, 0xcc, 0x0, 0x0, 0xeb,
    0x69, 0x6b, 0xf6, 0x6d, 0xfe, 0x80,

    /* U+004B "K" */
    0xbd, 0x0, 0x8, 0xf6, 0xb, 0xd0, 0x4, 0xfa,
    0x0, 0xbd, 0x2, 0xfd, 0x0, 0xb, 0xd0, 0xde,
    0x20, 0x0, 0xbd, 0xaf, 0x70, 0x0, 0xb, 0xff,
    0xfe, 0x10, 0x0, 0xbf, 0x93, 0xfb, 0x0, 0xb,
    0xe0, 0x7, 0xf7, 0x0, 0xbd, 0x0, 0xc, 0xf3,
    0xb, 0xd0, 0x0, 0x1e, 0xe1,

    /* U+004C "L" */
    0xbd, 0x0, 0x0, 0xb, 0xd0, 0x0, 0x0, 0xbd,
    0x0, 0x0, 0xb, 0xd0, 0x0, 0x0, 0xbd, 0x0,
    0x0, 0xb, 0xd0, 0x0, 0x0, 0xbd, 0x0, 0x0,
    0xb, 0xd0, 0x0, 0x0, 0xbe, 0x66, 0x66, 0xb,
    0xff, 0xff, 0xf1,

    /* U+004D "M" */
    0xbf, 0x20, 0x0, 0x0, 0x4f, 0x8b, 0xfb, 0x0,
    0x0, 0xd, 0xf8, 0xbf, 0xf4, 0x0, 0x6, 0xff,
    0x8b, 0xbc, 0xd0, 0x1, 0xe9, 0xf8, 0xbb, 0x3f,
    0x80, 0x9e, 0xf, 0x8b, 0xb0, 0x9f, 0x4f, 0x60,
    0xf8, 0xbb, 0x1, 0xef, 0xc0, 0xf, 0x8b, 0xb0,
    0x5, 0xd3, 0x0, 0xf8, 0xbb, 0x0, 0x0, 0x0,
    0xf, 0x8b, 0xb0, 0x0, 0x0, 0x0, 0xf8,

    /* U+004E "N" */
    0xbf, 0x20, 0x0, 0x4f, 0x4b, 0xfc, 0x0, 0x4,
    0xf4, 0xbf, 0xf7, 0x0, 0x4f, 0x4b, 0xda, 0xf2,
    0x4, 0xf4, 0xbd, 0x1e, 0xd0, 0x4f, 0x4b, 0xd0,
    0x4f, 0x84, 0xf4, 0xbd, 0x0, 0x9f, 0x7f, 0x4b,
    0xd0, 0x0, 0xef, 0xf4, 0xbd, 0x0, 0x4, 0xff,
    0x4b, 0xd0, 0x0, 0x9, 0xf4,

    /* U+004F "O" */
    0x0, 0x7, 0xdf, 0xfb, 0x40, 0x0, 0x1d, 0xfb,
    0x78, 0xdf, 0x80, 0xa, 0xf4, 0x0, 0x0, 0xaf,
    0x41, 0xf9, 0x0, 0x0, 0x0, 0xeb, 0x4f, 0x50,
    0x0, 0x0, 0xb, 0xe4, 0xf5, 0x0, 0x0, 0x0,
    0xbe, 0x1f, 0x90, 0x0, 0x0, 0xe, 0xb0, 0xaf,
    0x40, 0x0, 0xa, 0xf4, 0x1, 0xdf, 0xb7, 0x8d,
    0xf8, 0x0, 0x0, 0x7d, 0xff, 0xb4, 0x0,

    /* U+0050 "P" */
    0xbf, 0xff, 0xfa, 0x20, 0xbe, 0x55, 0x7e, 0xe0,
    0xbd, 0x0, 0x5, 0xf4, 0xbd, 0x0, 0x3, 0xf5,
    0xbd, 0x11, 0x2b, 0xf1, 0xbf, 0xff, 0xfe, 0x50,
    0xbe, 0x44, 0x30, 0x0, 0xbd, 0x0, 0x0, 0x0,
    0xbd, 0x0, 0x0, 0x0, 0xbd, 0x0, 0x0, 0x0,

    /* U+0051 "Q" */
    0x0, 0x7, 0xdf, 0xfb, 0x40, 0x0, 0x1d, 0xfa,
    0x67, 0xcf, 0x80, 0xa, 0xf3, 0x0, 0x0, 0x8f,
    0x41, 0xf8, 0x0, 0x0, 0x0, 0xdb, 0x4f, 0x40,
    0x0, 0x0, 0x9, 0xf4, 0xf4, 0x0, 0x0, 0x10,
    0x9e, 0x1f, 0x80, 0x0, 0x7d, 0x1d, 0xb0, 0xaf,
    0x30, 0x0, 0xce, 0xf4, 0x1, 0xdf, 0x95, 0x6c,
    0xfd, 0x0, 0x0, 0x7d, 0xfe, 0xb5, 0xe6, 0x0,
    0x0, 0x0, 0x0, 0x1, 0x0,

    /* U+0052 "R" */
    0xbf, 0xff, 0xfb, 0x20, 0xbe, 0x55, 0x6e, 0xd0,
    0xbd, 0x0, 0x6, 0xf3, 0xbd, 0x0, 0x5, 0xf4,
    0xbd, 0x0, 0x2c, 0xe0, 0xbf, 0xff, 0xfc, 0x30,
    0xbe, 0x3a, 0xf3, 0x0, 0xbd, 0x0, 0xdd, 0x10,
    0xbd, 0x0, 0x3f, 0xa0, 0xbd, 0x0, 0x7, 0xf6,

    /* U+0053 "S" */
    0x0, 0x7d, 0xfe, 0xb3, 0x0, 0x8f, 0x85, 0x7d,
    0x80, 0xe, 0xa0, 0x0, 0x0, 0x0, 0xdd, 0x20,
    0x0, 0x0, 0x3, 0xef, 0xd8, 0x20, 0x0, 0x0,
    0x6a, 0xff, 0x70, 0x0, 0x0, 0x0, 0xbf, 0x0,
    0x10, 0x0, 0x7, 0xf1, 0xd, 0xc7, 0x57, 0xeb,
    0x0, 0x4b, 0xef, 0xe9, 0x10,

    /* U+0054 "T" */
    0xaf, 0xff, 0xff, 0xf7, 0x46, 0x6e, 0xd6, 0x63,
    0x0, 0xd, 0xb0, 0x0, 0x0, 0xd, 0xb0, 0x0,
    0x0, 0xd, 0xb0, 0x0, 0x0, 0xd, 0xb0, 0x0,
    0x0, 0xd, 0xb0, 0x0, 0x0, 0xd, 0xb0, 0x0,
    0x0, 0xd, 0xb0, 0x0, 0x0, 0xd, 0xb0, 0x0,

    /* U+0055 "U" */
    0xcc, 0x0, 0x0, 0x7f, 0x2c, 0xc0, 0x0, 0x7,
    0xf2, 0xcc, 0x0, 0x0, 0x7f, 0x2c, 0xc0, 0x0,
    0x7, 0xf2, 0xcc, 0x0, 0x0, 0x7f, 0x2c, 0xc0,
    0x0, 0x7, 0xf2, 0xbd, 0x0, 0x0, 0x7f, 0x18,
    0xf2, 0x0, 0xc, 0xe0, 0x1e, 0xe8, 0x7c, 0xf6,
    0x0, 0x2b, 0xff, 0xd5, 0x0,

    /* U+0056 "V" */
    0xbf, 0x0, 0x0, 0xb, 0xf0, 0x5f, 0x60, 0x0,
    0x1f, 0xa0, 0xf, 0xc0, 0x0, 0x6f, 0x40, 0x9,
    0xf1, 0x0, 0xce, 0x0, 0x3, 0xf7, 0x2, 0xf8,
    0x0, 0x0, 0xdd, 0x7, 0xf2, 0x0, 0x0, 0x7f,
    0x3d, 0xc0, 0x0, 0x0, 0x1f, 0xbf, 0x60, 0x0,
    0x0, 0xb, 0xff, 0x10, 0x0, 0x0, 0x5, 0xfb,
    0x0, 0x0,

    /* U+0057 "W" */
    0x8f, 0x10, 0x0, 0xcf, 0x10, 0x0, 0xcc, 0x3f,
    0x60, 0x1, 0xff, 0x60, 0x1, 0xf7, 0xe, 0xa0,
    0x6, 0xfe, 0xb0, 0x5, 0xf3, 0xa, 0xe0, 0xa,
    0xd8, 0xf0, 0xa, 0xe0, 0x5, 0xf3, 0xe, 0x84,
    0xf4, 0xe, 0x90, 0x1, 0xf7, 0x3f, 0x30, 0xf8,
    0x2f, 0x50, 0x0, 0xcc, 0x8e, 0x0, 0xad, 0x7f,
    0x0, 0x0, 0x7f, 0xda, 0x0, 0x6f, 0xdb, 0x0,
    0x0, 0x2f, 0xf5, 0x0, 0x1f, 0xf6, 0x0, 0x0,
    0xd, 0xf1, 0x0, 0xd, 0xf2, 0x0,

    /* U+0058 "X" */
    0x2f, 0xb0, 0x0, 0x3f, 0x90, 0x8f, 0x50, 0xd,
    0xe0, 0x0, 0xee, 0x8, 0xf4, 0x0, 0x4, 0xfb,
    0xfa, 0x0, 0x0, 0xb, 0xfe, 0x10, 0x0, 0x0,
    0xdf, 0xf2, 0x0, 0x0, 0x7f, 0x7f, 0xc0, 0x0,
    0x1f, 0xb0, 0x7f, 0x60, 0xb, 0xf2, 0x0, 0xdf,
    0x15, 0xf8, 0x0, 0x3, 0xfa,

    /* U+0059 "Y" */
    0x9f, 0x30, 0x0, 0x7f, 0x41, 0xec, 0x0, 0x1f,
    0xa0, 0x6, 0xf6, 0xa, 0xf1, 0x0, 0xc, 0xe5,
    0xf7, 0x0, 0x0, 0x2f, 0xfd, 0x0, 0x0, 0x0,
    0x9f, 0x40, 0x0, 0x0, 0x7, 0xf2, 0x0, 0x0,
    0x0, 0x7f, 0x20, 0x0, 0x0, 0x7, 0xf2, 0x0,
    0x0, 0x0, 0x7f, 0x20, 0x0,

    /* U+005A "Z" */
    0x3f, 0xff, 0xff, 0xf8, 0x16, 0x66, 0x6b, 0xf5,
    0x0, 0x0, 0x2f, 0xb0, 0x0, 0x0, 0xce, 0x10,
    0x0, 0x7, 0xf5, 0x0, 0x0, 0x2f, 0xa0, 0x0,
    0x0, 0xde, 0x10, 0x0, 0x8, 0xf4, 0x0, 0x0,
    0x3f, 0xd6, 0x66, 0x63, 0x5f, 0xff, 0xff, 0xf9,

    /* U+005B "[" */
    0x9f, 0xf1, 0xab, 0x20, 0xaa, 0x0, 0xaa, 0x0,
    0xaa, 0x0, 0xaa, 0x0, 0xaa, 0x0, 0xaa, 0x0,
    0xaa, 0x0, 0xaa, 0x0, 0xaa, 0x0, 0xaf, 0xf1,
    0x12, 0x20,

    /* U+005C "\\" */
    0x0, 0x0, 0x0, 0xa, 0x80, 0x0, 0x0, 0x8e,
    0x0, 0x0, 0x2, 0xf5, 0x0, 0x0, 0xb, 0xc0,
    0x0, 0x0, 0x4f, 0x30, 0x0, 0x0, 0xda, 0x0,
    0x0, 0x7, 0xf1, 0x0, 0x0, 0x1f, 0x70, 0x0,
    0x0, 0x9d, 0x0, 0x0, 0x3, 0xf4, 0x0, 0x0,
    0xc, 0xb0, 0x0, 0x0, 0x5f, 0x20, 0x0, 0x0,
    0x60,

    /* U+005D "]" */
    0x3f, 0xf7, 0x2, 0xd7, 0x0, 0xc7, 0x0, 0xc7,
    0x0, 0xc7, 0x0, 0xc7, 0x0, 0xc7, 0x0, 0xc7,
    0x0, 0xc7, 0x0, 0xc7, 0x0, 0xc7, 0x3f, 0xf7,
    0x2, 0x21,

    /* U+005E "^" */
    0x0, 0x8f, 0x90, 0x0, 0x2f, 0x7f, 0x30, 0xc,
    0xa0, 0x9d, 0x6, 0xf1, 0x1, 0xe7,

    /* U+005F "_" */
    0x0, 0x0, 0x0, 0x0, 0xdf, 0xff, 0xff, 0xf7,
    0x23, 0x33, 0x33, 0x31,

    /* U+0060 "`" */
    0x45, 0x5, 0xf3, 0xc, 0xb0,

    /* U+0061 "a" */
    0x8, 0xdf, 0xe9, 0x0, 0x95, 0x47, 0xf8, 0x0,
    0x2, 0x2d, 0xb0, 0x9f, 0xdd, 0xfc, 0x5f, 0x20,
    0xc, 0xc5, 0xf6, 0x37, 0xfc, 0x9, 0xff, 0xab,
    0xc0,

    /* U+0062 "b" */
    0xe9, 0x0, 0x0, 0x0, 0xe9, 0x0, 0x0, 0x0,
    0xe9, 0x0, 0x0, 0x0, 0xea, 0x9f, 0xfb, 0x20,
    0xef, 0xb6, 0x7e, 0xe1, 0xed, 0x0, 0x3, 0xf6,
    0xea, 0x0, 0x0, 0xf9, 0xed, 0x0, 0x3, 0xf7,
    0xef, 0xb5, 0x7e, 0xe1, 0xe8, 0xaf, 0xfb, 0x20,

    /* U+0063 "c" */
    0x1, 0x9e, 0xfd, 0x50, 0xde, 0x75, 0x94, 0x5f,
    0x40, 0x0, 0x8, 0xf0, 0x0, 0x0, 0x5f, 0x40,
    0x0, 0x0, 0xde, 0x75, 0x97, 0x1, 0x9e, 0xfc,
    0x50,

    /* U+0064 "d" */
    0x0, 0x0, 0x0, 0x9f, 0x0, 0x0, 0x0, 0x9f,
    0x0, 0x0, 0x0, 0x9f, 0x1, 0xaf, 0xfa, 0xaf,
    0xd, 0xe7, 0x6b, 0xff, 0x6f, 0x40, 0x0, 0xcf,
    0x8f, 0x0, 0x0, 0x9f, 0x6f, 0x40, 0x0, 0xcf,
    0xe, 0xe7, 0x5b, 0xff, 0x2, 0xbf, 0xfa, 0x8f,

    /* U+0065 "e" */
    0x1, 0xaf, 0xfb, 0x20, 0xd, 0xd4, 0x3b, 0xe1,
    0x6f, 0x20, 0x2, 0xf6, 0x8f, 0xff, 0xff, 0xf8,
    0x6f, 0x32, 0x22, 0x21, 0xe, 0xc5, 0x46, 0x70,
    0x1, 0xaf, 0xfd, 0x70,

    /* U+0066 "f" */
    0x0, 0x7f, 0xf2, 0x2, 0xfa, 0x50, 0x4, 0xf4,
    0x0, 0xaf, 0xff, 0xf1, 0x27, 0xf7, 0x40, 0x4,
    0xf4, 0x0, 0x4, 0xf4, 0x0, 0x4, 0xf4, 0x0,
    0x4, 0xf4, 0x0, 0x4, 0xf4, 0x0,

    /* U+0067 "g" */
    0x2, 0xbf, 0xff, 0xff, 0x10, 0xdc, 0x33, 0xdb,
    0x20, 0x1f, 0x40, 0x7, 0xe0, 0x0, 0xe9, 0x1,
    0xcb, 0x0, 0x3, 0xff, 0xfb, 0x10, 0x0, 0x9d,
    0x30, 0x0, 0x0, 0x6, 0xfe, 0xdc, 0x81, 0x5,
    0xf2, 0x0, 0x2e, 0x90, 0x7f, 0x51, 0x15, 0xf7,
    0x0, 0x8e, 0xff, 0xc6, 0x0,

    /* U+0068 "h" */
    0xe9, 0x0, 0x0, 0xe, 0x90, 0x0, 0x0, 0xe9,
    0x0, 0x0, 0xe, 0xbb, 0xfe, 0x80, 0xef, 0xa6,
    0xcf, 0x5e, 0xc0, 0x0, 0xf9, 0xe9, 0x0, 0xe,
    0x9e, 0x90, 0x0, 0xe9, 0xe9, 0x0, 0xe, 0x9e,
    0x90, 0x0, 0xe9,

    /* U+0069 "i" */
    0x1e, 0xa0, 0xc9, 0x0, 0x0, 0xe9, 0xe, 0x90,
    0xe9, 0xe, 0x90, 0xe9, 0xe, 0x90, 0xe9,

    /* U+006A "j" */
    0x1, 0xea, 0x0, 0xc9, 0x0, 0x0, 0x0, 0xe9,
    0x0, 0xe9, 0x0, 0xe9, 0x0, 0xe9, 0x0, 0xe9,
    0x0, 0xe9, 0x0, 0xe9, 0x0, 0xe9, 0x46, 0xf8,
    0xbf, 0xc1,

    /* U+006B "k" */
    0xe9, 0x0, 0x0, 0xe, 0x90, 0x0, 0x0, 0xe9,
    0x0, 0x0, 0xe, 0x90, 0x3f, 0xb0, 0xe9, 0x2e,
    0xc0, 0xe, 0xbe, 0xe1, 0x0, 0xef, 0xef, 0x40,
    0xe, 0xc1, 0xdd, 0x0, 0xe9, 0x4, 0xf8, 0xe,
    0x90, 0xa, 0xf3,

    /* U+006C "l" */
    0xe9, 0xe9, 0xe9, 0xe9, 0xe9, 0xe9, 0xe9, 0xe9,
    0xe9, 0xe9,

    /* U+006D "m" */
    0xeb, 0xbf, 0xe8, 0x5d, 0xfe, 0x50, 0xef, 0x63,
    0xaf, 0xe5, 0x3c, 0xf1, 0xea, 0x0, 0x2f, 0x80,
    0x5, 0xf3, 0xe9, 0x0, 0x1f, 0x70, 0x4, 0xf4,
    0xe9, 0x0, 0x1f, 0x70, 0x4, 0xf4, 0xe9, 0x0,
    0x1f, 0x70, 0x4, 0xf4, 0xe9, 0x0, 0x1f, 0x70,
    0x4, 0xf4,

    /* U+006E "n" */
    0xeb, 0xbf, 0xe8, 0xe, 0xf7, 0x39, 0xf5, 0xeb,
    0x0, 0xf, 0x9e, 0x90, 0x0, 0xe9, 0xe9, 0x0,
    0xe, 0x9e, 0x90, 0x0, 0xe9, 0xe9, 0x0, 0xe,
    0x90,

    /* U+006F "o" */
    0x1, 0x9e, 0xfc, 0x40, 0xc, 0xe7, 0x6b, 0xf4,
    0x5f, 0x40, 0x0, 0xcd, 0x8f, 0x0, 0x0, 0x9f,
    0x5f, 0x40, 0x0, 0xcd, 0xd, 0xe7, 0x5b, 0xf4,
    0x1, 0x9e, 0xfc, 0x40,

    /* U+0070 "p" */
    0xe9, 0xbf, 0xfb, 0x20, 0xef, 0x92, 0x4c, 0xe1,
    0xec, 0x0, 0x2, 0xf7, 0xea, 0x0, 0x0, 0xf9,
    0xed, 0x0, 0x3, 0xf6, 0xef, 0xb5, 0x7e, 0xe1,
    0xea, 0x9f, 0xfb, 0x20, 0xe9, 0x0, 0x0, 0x0,
    0xe9, 0x0, 0x0, 0x0, 0xe9, 0x0, 0x0, 0x0,

    /* U+0071 "q" */
    0x2, 0xbf, 0xfa, 0x8f, 0xe, 0xe7, 0x6b, 0xff,
    0x6f, 0x40, 0x0, 0xcf, 0x8f, 0x0, 0x0, 0x9f,
    0x6f, 0x40, 0x0, 0xcf, 0xd, 0xe7, 0x5b, 0xff,
    0x1, 0xbf, 0xfa, 0xaf, 0x0, 0x0, 0x0, 0x8f,
    0x0, 0x0, 0x0, 0x8f, 0x0, 0x0, 0x0, 0x8f,

    /* U+0072 "r" */
    0x0, 0x0, 0xe, 0xbb, 0xf7, 0xef, 0x95, 0x2e,
    0xb0, 0x0, 0xe9, 0x0, 0xe, 0x90, 0x0, 0xe9,
    0x0, 0xe, 0x90, 0x0,

    /* U+0073 "s" */
    0x5, 0xdf, 0xe8, 0x1, 0xf8, 0x35, 0x90, 0x2f,
    0x82, 0x0, 0x0, 0x5d, 0xfe, 0x60, 0x0, 0x1,
    0x7f, 0x22, 0xb5, 0x38, 0xf2, 0x1a, 0xef, 0xd5,
    0x0,

    /* U+0074 "t" */
    0x4, 0xf4, 0x0, 0x4, 0xf4, 0x0, 0xcf, 0xff,
    0xf3, 0x37, 0xf7, 0x40, 0x4, 0xf4, 0x0, 0x4,
    0xf4, 0x0, 0x3, 0xf5, 0x0, 0x2, 0xfc, 0x62,
    0x0, 0x7f, 0xf4,

    /* U+0075 "u" */
    0xf8, 0x0, 0x2f, 0x6f, 0x80, 0x2, 0xf6, 0xf8,
    0x0, 0x2f, 0x6f, 0x80, 0x2, 0xf6, 0xfa, 0x0,
    0x4f, 0x6b, 0xf8, 0x7e, 0xf6, 0x2c, 0xfe, 0x6f,
    0x60,

    /* U+0076 "v" */
    0x9f, 0x10, 0xb, 0xe0, 0x3f, 0x60, 0x1f, 0x80,
    0xd, 0xb0, 0x6f, 0x30, 0x8, 0xf1, 0xbd, 0x0,
    0x2, 0xf7, 0xf7, 0x0, 0x0, 0xcf, 0xf1, 0x0,
    0x0, 0x6f, 0xb0, 0x0,

    /* U+0077 "w" */
    0xae, 0x0, 0x5f, 0x70, 0xc, 0xb5, 0xf2, 0xa,
    0xfc, 0x1, 0xf6, 0xf, 0x70, 0xea, 0xf1, 0x5f,
    0x10, 0xbb, 0x4f, 0x1f, 0x6a, 0xc0, 0x6, 0xf9,
    0xc0, 0xaa, 0xe7, 0x0, 0x1f, 0xf7, 0x6, 0xff,
    0x20, 0x0, 0xcf, 0x20, 0x1f, 0xd0, 0x0,

    /* U+0078 "x" */
    0x4f, 0x90, 0x2f, 0xc0, 0xa, 0xf3, 0xbf, 0x20,
    0x1, 0xee, 0xf6, 0x0, 0x0, 0x7f, 0xf0, 0x0,
    0x1, 0xed, 0xf8, 0x0, 0xb, 0xf2, 0xaf, 0x30,
    0x6f, 0x60, 0x1e, 0xe0,

    /* U+0079 "y" */
    0x9f, 0x10, 0x7, 0xf2, 0x3f, 0x60, 0xd, 0xb0,
    0xd, 0xc0, 0x3f, 0x50, 0x6, 0xf2, 0x8f, 0x0,
    0x1, 0xf8, 0xe9, 0x0, 0x0, 0xaf, 0xf3, 0x0,
    0x0, 0x4f, 0xd0, 0x0, 0x0, 0x3f, 0x70, 0x0,
    0x46, 0xdf, 0x10, 0x0, 0x9f, 0xd4, 0x0, 0x0,

    /* U+007A "z" */
    0x4f, 0xff, 0xff, 0x21, 0x55, 0x6f, 0xc0, 0x0,
    0xa, 0xe1, 0x0, 0x7, 0xf4, 0x0, 0x4, 0xf8,
    0x0, 0x1, 0xee, 0x55, 0x51, 0x5f, 0xff, 0xff,
    0x30,

    /* U+007B "{" */
    0x0, 0x8b, 0x0, 0x6f, 0x70, 0x6, 0xf0, 0x0,
    0x4f, 0x10, 0x1, 0xf3, 0x0, 0x1f, 0x40, 0x3f,
    0xd0, 0x0, 0x4f, 0x40, 0x1, 0xf3, 0x0, 0x3f,
    0x10, 0x5, 0xf0, 0x0, 0x6f, 0x40, 0x1, 0xbe,
    0x10, 0x0, 0x0,

    /* U+007C "|" */
    0x45, 0x9b, 0x9b, 0x9b, 0x9b, 0x9b, 0x9b, 0x9b,
    0x9b, 0x9b, 0x9b, 0x9b, 0x9b,

    /* U+007D "}" */
    0x2b, 0x70, 0x1, 0x8f, 0x30, 0x1, 0xf3, 0x0,
    0x3f, 0x10, 0x5, 0xf0, 0x0, 0x6e, 0x0, 0x1,
    0xef, 0x10, 0x6e, 0x30, 0x6, 0xe0, 0x0, 0x4f,
    0x10, 0x1, 0xf3, 0x0, 0x5f, 0x40, 0x3e, 0xa0,
    0x0, 0x0, 0x0,

    /* U+007E "~" */
    0x6, 0xed, 0x81, 0x19, 0x0, 0xb4, 0x4a, 0xff,
    0xa0, 0x0, 0x0, 0x0, 0x10, 0x0,

    /* U+0400 "Ѐ" */
    0x6, 0xf4, 0x0, 0x0, 0xb, 0xd0, 0x0, 0x0,
    0x14, 0x0, 0xb, 0xff, 0xff, 0xf9, 0xbe, 0x55,
    0x55, 0x3b, 0xd0, 0x0, 0x0, 0xbd, 0x0, 0x0,
    0xb, 0xff, 0xff, 0xf0, 0xbe, 0x33, 0x33, 0xb,
    0xd0, 0x0, 0x0, 0xbd, 0x0, 0x0, 0xb, 0xe6,
    0x66, 0x63, 0xbf, 0xff, 0xff, 0xa0,

    /* U+0401 "Ё" */
    0xb, 0x70, 0xa9, 0x1, 0xe9, 0xd, 0xb0, 0x0,
    0x0, 0x0, 0xb, 0xff, 0xff, 0xf9, 0xbe, 0x55,
    0x55, 0x3b, 0xd0, 0x0, 0x0, 0xbd, 0x0, 0x0,
    0xb, 0xff, 0xff, 0xf0, 0xbe, 0x33, 0x33, 0xb,
    0xd0, 0x0, 0x0, 0xbd, 0x0, 0x0, 0xb, 0xe6,
    0x66, 0x63, 0xbf, 0xff, 0xff, 0xa0,

    /* U+0402 "Ђ" */
    0xaf, 0xff, 0xff, 0xff, 0xf3, 0x3, 0x66, 0xed,
    0x66, 0x66, 0x10, 0x0, 0xd, 0xb0, 0x0, 0x0,
    0x0, 0x0, 0xdb, 0x0, 0x0, 0x0, 0x0, 0xd,
    0xff, 0xff, 0xb3, 0x0, 0x0, 0xdd, 0x54, 0x6e,
    0xf2, 0x0, 0xd, 0xb0, 0x0, 0x2f, 0x90, 0x0,
    0xdb, 0x0, 0x0, 0xdb, 0x0, 0xd, 0xb0, 0x0,
    0xf, 0xa0, 0x0, 0xdb, 0x0, 0x5, 0xf5, 0x0,
    0x0, 0x0, 0x5, 0xfc, 0x0, 0x0, 0x0, 0x0,
    0x7b, 0x10, 0x0, 0x0, 0x0, 0x0, 0x0, 0x0,

    /* U+0403 "Ѓ" */
    0x0, 0xb, 0xd0, 0x0, 0x5f, 0x30, 0x0, 0x23,
    0x0, 0xbf, 0xff, 0xfd, 0xbe, 0x66, 0x65, 0xbd,
    0x0, 0x0, 0xbd, 0x0, 0x0, 0xbd, 0x0, 0x0,
    0xbd, 0x0, 0x0, 0xbd, 0x0, 0x0, 0xbd, 0x0,
    0x0, 0xbd, 0x0, 0x0, 0xbd, 0x0, 0x0,

    /* U+0404 "Є" */
    0x0, 0x18, 0xdf, 0xfc, 0x50, 0x1, 0xdf, 0x96,
    0x7b, 0xc0, 0xb, 0xe2, 0x0, 0x0, 0x0, 0x1f,
    0x80, 0x0, 0x0, 0x0, 0x4f, 0xff, 0xff, 0xf7,
    0x0, 0x4f, 0x63, 0x33, 0x31, 0x0, 0x2f, 0x70,
    0x0, 0x0, 0x0, 0xc, 0xe2, 0x0, 0x0, 0x20,
    0x2, 0xef, 0xa7, 0x7b, 0xf2, 0x0, 0x19, 0xef,
    0xfc, 0x60,

    /* U+0405 "Ѕ" */
    0x0, 0x7d, 0xfe, 0xb3, 0x0, 0x8f, 0x85, 0x7d,
    0x80, 0xe, 0xa0, 0x0, 0x0, 0x0, 0xdd, 0x20,
    0x0, 0x0, 0x3, 0xef, 0xd8, 0x20, 0x0, 0x0,
    0x6a, 0xff, 0x70, 0x0, 0x0, 0x0, 0xbf, 0x0,
    0x10, 0x0, 0x7, 0xf1, 0xd, 0xc7, 0x57, 0xeb,
    0x0, 0x4b, 0xef, 0xe9, 0x10,

    /* U+0406 "І" */
    0xbd, 0xbd, 0xbd, 0xbd, 0xbd, 0xbd, 0xbd, 0xbd,
    0xbd, 0xbd,

    /* U+0407 "Ї" */
    0xb, 0x76, 0xc0, 0xd, 0x97, 0xe1, 0x0, 0x0,
    0x0, 0x0, 0xbd, 0x0, 0x0, 0xbd, 0x0, 0x0,
    0xbd, 0x0, 0x0, 0xbd, 0x0, 0x0, 0xbd, 0x0,
    0x0, 0xbd, 0x0, 0x0, 0xbd, 0x0, 0x0, 0xbd,
    0x0, 0x0, 0xbd, 0x0, 0x0, 0xbd, 0x0,

    /* U+0408 "Ј" */
    0x0, 0x0, 0xcc, 0x0, 0x0, 0xcc, 0x0, 0x0,
    0xcc, 0x0, 0x0, 0xcc, 0x0, 0x0, 0xcc, 0x0,
    0x0, 0xcc, 0x0, 0x0, 0xcc, 0x0, 0x0, 0xeb,
    0x69, 0x6b, 0xf6, 0x6d, 0xfe, 0x80,

    /* U+0409 "Љ" */
    0x0, 0xbf, 0xff, 0xff, 0xe0, 0x0, 0x0, 0x0,
    0xb, 0xe6, 0x66, 0xde, 0x0, 0x0, 0x0, 0x0,
    0xbd, 0x0, 0xa, 0xe0, 0x0, 0x0, 0x0, 0xb,
    0xd0, 0x0, 0xae, 0x11, 0x0, 0x0, 0x0, 0xbc,
    0x0, 0xa, 0xff, 0xff, 0xc3, 0x0, 0xc, 0xb0,
    0x0, 0xae, 0x44, 0x5d, 0xf1, 0x0, 0xda, 0x0,
    0xa, 0xe0, 0x0, 0x3f, 0x60, 0x2f, 0x70, 0x0,
    0xae, 0x0, 0x3, 0xf5, 0x3d, 0xf2, 0x0, 0xa,
    0xe3, 0x34, 0xcf, 0x15, 0xe5, 0x0, 0x0, 0xaf,
    0xff, 0xfb, 0x30, 0x0, 0x0, 0x0, 0x0, 0x0,
    0x0, 0x0, 0x0,

    /* U+040A "Њ" */
    0xbd, 0x0, 0x0, 0xae, 0x0, 0x0, 0x0, 0xbd,
    0x0, 0x0, 0xae, 0x0, 0x0, 0x0, 0xbd, 0x0,
    0x0, 0xae, 0x0, 0x0, 0x0, 0xbd, 0x11, 0x11,
    0xbe, 0x11, 0x0, 0x0, 0xbf, 0xff, 0xff, 0xff,
    0xff, 0xfc, 0x30, 0xbe, 0x44, 0x44, 0xce, 0x44,
    0x5d, 0xf1, 0xbd, 0x0, 0x0, 0xbe, 0x0, 0x4,
    0xf5, 0xbd, 0x0, 0x0, 0xbe, 0x0, 0x3, 0xf5,
    0xbd, 0x0, 0x0, 0xbe, 0x33, 0x4c, 0xf1, 0xbd,
    0x0, 0x0, 0xbf, 0xff, 0xfb, 0x30,

    /* U+040B "Ћ" */
    0xaf, 0xff, 0xff, 0xff, 0xf3, 0x3, 0x66, 0xed,
    0x66, 0x66, 0x10, 0x0, 0xd, 0xb0, 0x0, 0x0,
    0x0, 0x0, 0xdb, 0x1, 0x10, 0x0, 0x0, 0xd,
    0xfe, 0xff, 0xf8, 0x0, 0x0, 0xdd, 0x65, 0x5b,
    0xf6, 0x0, 0xd, 0xb0, 0x0, 0xf, 0xb0, 0x0,
    0xdb, 0x0, 0x0, 0xcc, 0x0, 0xd, 0xb0, 0x0,
    0xc, 0xc0, 0x0, 0xdb, 0x0, 0x0, 0xcc,

    /* U+040C "Ќ" */
    0x0, 0x1, 0xe9, 0x0, 0x0, 0x0, 0x9e, 0x0,
    0x0, 0x0, 0x3, 0x20, 0x0, 0xb, 0xd0, 0x0,
    0x7f, 0x70, 0xbd, 0x0, 0x4f, 0xa0, 0xb, 0xd0,
    0x1e, 0xd0, 0x0, 0xbd, 0x2c, 0xf2, 0x0, 0xb,
    0xff, 0xf7, 0x0, 0x0, 0xbe, 0x5e, 0xd1, 0x0,
    0xb, 0xd0, 0x4f, 0xb0, 0x0, 0xbd, 0x0, 0x8f,
    0x70, 0xb, 0xd0, 0x0, 0xcf, 0x30, 0xbd, 0x0,
    0x1, 0xee, 0x10,

    /* U+040D "Ѝ" */
    0x0, 0x8f, 0x20, 0x0, 0x0, 0x0, 0xdb, 0x0,
    0x0, 0x0, 0x1, 0x40, 0x0, 0xb, 0xd0, 0x0,
    0x9, 0xf4, 0xbd, 0x0, 0x4, 0xff, 0x4b, 0xd0,
    0x0, 0xef, 0xf4, 0xbd, 0x0, 0x9f, 0x6f, 0x4b,
    0xd0, 0x4f, 0x65, 0xf4, 0xbd, 0xd, 0xb0, 0x5f,
    0x4b, 0xd9, 0xf2, 0x5, 0xf4, 0xbf, 0xf6, 0x0,
    0x5f, 0x4b, 0xfc, 0x0, 0x5, 0xf4, 0xbf, 0x20,
    0x0, 0x5f, 0x40,

    /* U+040E "Ў" */
    0x0, 0x55, 0x0, 0x63, 0x0, 0x8, 0xd0, 0x2f,
    0x40, 0x0, 0xb, 0xff, 0x90, 0x0, 0x0, 0x1,
    0x0, 0x0, 0x2f, 0xc0, 0x0, 0x2f, 0xb0, 0x9f,
    0x50, 0x9, 0xf2, 0x1, 0xed, 0x2, 0xfa, 0x0,
    0x7, 0xf6, 0x9f, 0x20, 0x0, 0xd, 0xef, 0x90,
    0x0, 0x0, 0x4f, 0xf1, 0x0, 0x0, 0x4, 0xf8,
    0x0, 0x0, 0x5, 0xfd, 0x0, 0x0, 0xd, 0xfd,
    0x20, 0x0, 0x0, 0x77, 0x0, 0x0, 0x0,

    /* U+040F "Џ" */
    0xbd, 0x0, 0x0, 0x8f, 0xb, 0xd0, 0x0, 0x8,
    0xf0, 0xbd, 0x0, 0x0, 0x8f, 0xb, 0xd0, 0x0,
    0x8, 0xf0, 0xbd, 0x0, 0x0, 0x8f, 0xb, 0xd0,
    0x0, 0x8, 0xf0, 0xbd, 0x0, 0x0, 0x8f, 0xb,
    0xd0, 0x0, 0x8, 0xf0, 0xbe, 0x66, 0x66, 0xbf,
    0xb, 0xff, 0xff, 0xff, 0xf0, 0x0, 0x8, 0xf0,
    0x0, 0x0, 0x0, 0x8f, 0x0, 0x0, 0x0, 0x4,
    0x70, 0x0, 0x0,

    /* U+0410 "А" */
    0x0, 0x3, 0xfd, 0x0, 0x0, 0x0, 0x9, 0xff,
    0x30, 0x0, 0x0, 0xf, 0x8e, 0xa0, 0x0, 0x0,
    0x6f, 0x18, 0xf1, 0x0, 0x0, 0xcb, 0x2, 0xf6,
    0x0, 0x2, 0xf5, 0x11, 0xbc, 0x0, 0x8, 0xff,
    0xff, 0xff, 0x30, 0xe, 0xb4, 0x44, 0x4f, 0x90,
    0x4f, 0x50, 0x0, 0xb, 0xf0, 0xaf, 0x0, 0x0,
    0x5, 0xf5,

    /* U+0411 "Б" */
    0xbf, 0xff, 0xff, 0x70, 0xbe, 0x55, 0x55, 0x20,
    0xbd, 0x0, 0x0, 0x0, 0xbd, 0x0, 0x0, 0x0,
    0xbf, 0xff, 0xea, 0x10, 0xbe, 0x33, 0x6f, 0xc0,
    0xbd, 0x0, 0x9, 0xf1, 0xbd, 0x0, 0x9, 0xf1,
    0xbe, 0x33, 0x6f, 0xc0, 0xbf, 0xff, 0xea, 0x10,

    /* U+0412 "В" */
    0xbf, 0xff, 0xe9, 0x0, 0xbe, 0x33, 0x7f, 0x90,
    0xbd, 0x0, 0xc, 0xb0, 0xbd, 0x0, 0x4f, 0x50,
    0xbf, 0xff, 0xfb, 0x0, 0xbd, 0x22, 0x5f, 0xb0,
    0xbd, 0x0, 0x8, 0xf1, 0xbd, 0x0, 0x8, 0xf1,
    0xbe, 0x33, 0x6f, 0xc0, 0xbf, 0xff, 0xfa, 0x10,

    /* U+0413 "Г" */
    0xbf, 0xff, 0xfd, 0xbe, 0x66, 0x65, 0xbd, 0x0,
    0x0, 0xbd, 0x0, 0x0, 0xbd, 0x0, 0x0, 0xbd,
    0x0, 0x0, 0xbd, 0x0, 0x0, 0xbd, 0x0, 0x0,
    0xbd, 0x0, 0x0, 0xbd, 0x0, 0x0,

    /* U+0414 "Д" */
    0x0, 0xaf, 0xff, 0xff, 0xf4, 0x0, 0xa, 0xe6,
    0x66, 0x9f, 0x40, 0x0, 0xad, 0x0, 0x4, 0xf4,
    0x0, 0xa, 0xd0, 0x0, 0x4f, 0x40, 0x0, 0xad,
    0x0, 0x4, 0xf4, 0x0, 0xb, 0xc0, 0x0, 0x4f,
    0x40, 0x0, 0xd9, 0x0, 0x4, 0xf4, 0x0, 0x2f,
    0x60, 0x0, 0x4f, 0x40, 0x4d, 0xf4, 0x44, 0x47,
    0xf7, 0x3b, 0xff, 0xff, 0xff, 0xff, 0xfd, 0xbc,
    0x0, 0x0, 0x0, 0xa, 0xdb, 0xc0, 0x0, 0x0,
    0x0, 0xad, 0x55, 0x0, 0x0, 0x0, 0x4, 0x50,

    /* U+0415 "Е" */
    0xbf, 0xff, 0xff, 0x9b, 0xe5, 0x55, 0x53, 0xbd,
    0x0, 0x0, 0xb, 0xd0, 0x0, 0x0, 0xbf, 0xff,
    0xff, 0xb, 0xe3, 0x33, 0x30, 0xbd, 0x0, 0x0,
    0xb, 0xd0, 0x0, 0x0, 0xbe, 0x66, 0x66, 0x3b,
    0xff, 0xff, 0xfa,

    /* U+0416 "Ж" */
    0xd, 0xe1, 0x0, 0xdc, 0x0, 0x1e, 0xc0, 0x3,
    0xfa, 0x0, 0xdc, 0x0, 0xbf, 0x20, 0x0, 0x7f,
    0x50, 0xdc, 0x6, 0xf6, 0x0, 0x0, 0xc, 0xe2,
    0xdc, 0x3f, 0xb0, 0x0, 0x0, 0x3, 0xff, 0xff,
    0xff, 0x10, 0x0, 0x0, 0x9, 0xf5, 0xdd, 0x6f,
    0x80, 0x0, 0x0, 0x4f, 0x70, 0xdc, 0x9, 0xf3,
    0x0, 0x1, 0xec, 0x0, 0xdc, 0x0, 0xed, 0x0,
    0xa, 0xf2, 0x0, 0xdc, 0x0, 0x4f, 0x90, 0x5f,
    0x70, 0x0, 0xdc, 0x0, 0x9, 0xf4,

    /* U+0417 "З" */
    0x6, 0xcf, 0xfd, 0x50, 0x1e, 0xa6, 0x7d, 0xf3,
    0x0, 0x0, 0x2, 0xf6, 0x0, 0x0, 0x18, 0xe1,
    0x0, 0xdf, 0xff, 0x70, 0x0, 0x23, 0x39, 0xf6,
    0x0, 0x0, 0x0, 0xdc, 0x2, 0x0, 0x0, 0xeb,
    0x6f, 0x96, 0x7d, 0xf4, 0x18, 0xdf, 0xfc, 0x40,

    /* U+0418 "И" */
    0xbd, 0x0, 0x0, 0x9f, 0x4b, 0xd0, 0x0, 0x4f,
    0xf4, 0xbd, 0x0, 0xe, 0xff, 0x4b, 0xd0, 0x9,
    0xf6, 0xf4, 0xbd, 0x4, 0xf6, 0x5f, 0x4b, 0xd0,
    0xdb, 0x5, 0xf4, 0xbd, 0x9f, 0x20, 0x5f, 0x4b,
    0xff, 0x60, 0x5, 0xf4, 0xbf, 0xc0, 0x0, 0x5f,
    0x4b, 0xf2, 0x0, 0x5, 0xf4,

    /* U+0419 "Й" */
    0x3, 0xf2, 0xa, 0xc0, 0x0, 0x9, 0xff, 0xd3,
    0x0, 0x0, 0x0, 0x10, 0x0, 0xb, 0xd0, 0x0,
    0x9, 0xf4, 0xbd, 0x0, 0x4, 0xff, 0x4b, 0xd0,
    0x0, 0xef, 0xf4, 0xbd, 0x0, 0x9f, 0x6f, 0x4b,
    0xd0, 0x4f, 0x65, 0xf4, 0xbd, 0xd, 0xb0, 0x5f,
    0x4b, 0xd9, 0xf2, 0x5, 0xf4, 0xbf, 0xf6, 0x0,
    0x5f, 0x4b, 0xfc, 0x0, 0x5, 0xf4, 0xbf, 0x20,
    0x0, 0x5f, 0x40,

    /* U+041A "К" */
    0xbd, 0x0, 0x7, 0xf7, 0xb, 0xd0, 0x4, 0xfa,
    0x0, 0xbd, 0x1, 0xed, 0x0, 0xb, 0xd2, 0xcf,
    0x20, 0x0, 0xbf, 0xff, 0x70, 0x0, 0xb, 0xe5,
    0xed, 0x10, 0x0, 0xbd, 0x4, 0xfb, 0x0, 0xb,
    0xd0, 0x8, 0xf7, 0x0, 0xbd, 0x0, 0xc, 0xf3,
    0xb, 0xd0, 0x0, 0x1e, 0xe1,

    /* U+041B "Л" */
    0x0, 0xbf, 0xff, 0xff, 0xf2, 0x0, 0xbe, 0x66,
    0x6a, 0xf2, 0x0, 0xbd, 0x0, 0x6, 0xf2, 0x0,
    0xbd, 0x0, 0x6, 0xf2, 0x0, 0xbc, 0x0, 0x6,
    0xf2, 0x0, 0xcb, 0x0, 0x6, 0xf2, 0x0, 0xea,
    0x0, 0x6, 0xf2, 0x2, 0xf7, 0x0, 0x6, 0xf2,
    0x4e, 0xf1, 0x0, 0x6, 0xf2, 0x5e, 0x40, 0x0,
    0x6, 0xf2, 0x0, 0x0, 0x0, 0x0, 0x0,

    /* U+041C "М" */
    0xbf, 0x20, 0x0, 0x0, 0x4f, 0x8b, 0xfb, 0x0,
    0x0, 0xd, 0xf8, 0xbf, 0xf4, 0x0, 0x6, 0xff,
    0x8b, 0xbc, 0xd0, 0x1, 0xe9, 0xf8, 0xbb, 0x3f,
    0x80, 0x9e, 0xf, 0x8b, 0xb0, 0x9f, 0x4f, 0x60,
    0xf8, 0xbb, 0x1, 0xef, 0xc0, 0xf, 0x8b, 0xb0,
    0x5, 0xd3, 0x0, 0xf8, 0xbb, 0x0, 0x0, 0x0,
    0xf, 0x8b, 0xb0, 0x0, 0x0, 0x0, 0xf8,

    /* U+041D "Н" */
    0xbd, 0x0, 0x0, 0x6f, 0x2b, 0xd0, 0x0, 0x6,
    0xf2, 0xbd, 0x0, 0x0, 0x6f, 0x2b, 0xd1, 0x11,
    0x17, 0xf2, 0xbf, 0xff, 0xff, 0xff, 0x2b, 0xe4,
    0x44, 0x49, 0xf2, 0xbd, 0x0, 0x0, 0x6f, 0x2b,
    0xd0, 0x0, 0x6, 0xf2, 0xbd, 0x0, 0x0, 0x6f,
    0x2b, 0xd0, 0x0, 0x6, 0xf2,

    /* U+041E "О" */
    0x0, 0x7, 0xdf, 0xfb, 0x40, 0x0, 0x1d, 0xfb,
    0x78, 0xdf, 0x80, 0xa, 0xf4, 0x0, 0x0, 0xaf,
    0x41, 0xf9, 0x0, 0x0, 0x0, 0xeb, 0x4f, 0x50,
    0x0, 0x0, 0xb, 0xe4, 0xf5, 0x0, 0x0, 0x0,
    0xbe, 0x1f, 0x90, 0x0, 0x0, 0xe, 0xb0, 0xaf,
    0x40, 0x0, 0xa, 0xf4, 0x1, 0xdf, 0xb7, 0x8d,
    0xf8, 0x0, 0x0, 0x7d, 0xff, 0xb4, 0x0,

    /* U+041F "П" */
    0xbf, 0xff, 0xff, 0xff, 0x2b, 0xe6, 0x66, 0x6a,
    0xf2, 0xbd, 0x0, 0x0, 0x6f, 0x2b, 0xd0, 0x0,
    0x6, 0xf2, 0xbd, 0x0, 0x0, 0x6f, 0x2b, 0xd0,
    0x0, 0x6, 0xf2, 0xbd, 0x0, 0x0, 0x6f, 0x2b,
    0xd0, 0x0, 0x6, 0xf2, 0xbd, 0x0, 0x0, 0x6f,
    0x2b, 0xd0, 0x0, 0x6, 0xf2,

    /* U+0420 "Р" */
    0xbf, 0xff, 0xfa, 0x20, 0xbe, 0x55, 0x7e, 0xe0,
    0xbd, 0x0, 0x5, 0xf4, 0xbd, 0x0, 0x3, 0xf5,
    0xbd, 0x11, 0x2b, 0xf1, 0xbf, 0xff, 0xfe, 0x50,
    0xbe, 0x44, 0x30, 0x0, 0xbd, 0x0, 0x0, 0x0,
    0xbd, 0x0, 0x0, 0x0, 0xbd, 0x0, 0x0, 0x0,

    /* U+0421 "С" */
    0x0, 0x18, 0xdf, 0xfc, 0x50, 0x1, 0xdf, 0xb8,
    0x8d, 0xc0, 0xb, 0xf4, 0x0, 0x0, 0x10, 0x1f,
    0x90, 0x0, 0x0, 0x0, 0x4f, 0x50, 0x0, 0x0,
    0x0, 0x4f, 0x50, 0x0, 0x0, 0x0, 0x2f, 0x90,
    0x0, 0x0, 0x0, 0xc, 0xf4, 0x0, 0x0, 0x20,
    0x2, 0xef, 0xb8, 0x8c, 0xf2, 0x0, 0x19, 0xef,
    0xfc, 0x60,

    /* U+0422 "Т" */
    0xaf, 0xff, 0xff, 0xf7, 0x46, 0x6e, 0xd6, 0x63,
    0x0, 0xd, 0xb0, 0x0, 0x0, 0xd, 0xb0, 0x0,
    0x0, 0xd, 0xb0, 0x0, 0x0, 0xd, 0xb0, 0x0,
    0x0, 0xd, 0xb0, 0x0, 0x0, 0xd, 0xb0, 0x0,
    0x0, 0xd, 0xb0, 0x0, 0x0, 0xd, 0xb0, 0x0,

    /* U+0423 "У" */
    0x2f, 0xc0, 0x0, 0x2f, 0xb0, 0x9f, 0x50, 0x9,
    0xf2, 0x1, 0xed, 0x2, 0xfa, 0x0, 0x7, 0xf6,
    0x9f, 0x20, 0x0, 0xd, 0xef, 0x90, 0x0, 0x0,
    0x4f, 0xf1, 0x0, 0x0, 0x4, 0xf8, 0x0, 0x0,
    0x5, 0xfd, 0x0, 0x0, 0xd, 0xfd, 0x20, 0x0,
    0x0, 0x77, 0x0, 0x0, 0x0,

    /* U+0424 "Ф" */
    0x0, 0x0, 0x7, 0x60, 0x0, 0x0, 0x0, 0x0,
    0xc, 0xc0, 0x0, 0x0, 0x0, 0x5c, 0xff, 0xff,
    0xc4, 0x0, 0x7, 0xfb, 0x5d, 0xc5, 0xbf, 0x60,
    0x1f, 0xa0, 0xc, 0xb0, 0xb, 0xf1, 0x5f, 0x40,
    0xc, 0xb0, 0x4, 0xf4, 0x6f, 0x30, 0xc, 0xb0,
    0x4, 0xf5, 0x2f, 0x80, 0xc, 0xb0, 0x9, 0xf1,
    0xa, 0xf7, 0x2c, 0xc2, 0x8f, 0x90, 0x0, 0x8f,
    0xff, 0xff, 0xf8, 0x0, 0x0, 0x0, 0x3d, 0xc3,
    0x0, 0x0,

    /* U+0425 "Х" */
    0x2f, 0xb0, 0x0, 0x3f, 0x90, 0x8f, 0x50, 0xd,
    0xe0, 0x0, 0xee, 0x8, 0xf4, 0x0, 0x4, 0xfb,
    0xfa, 0x0, 0x0, 0xb, 0xfe, 0x10, 0x0, 0x0,
    0xdf, 0xf2, 0x0, 0x0, 0x7f, 0x7f, 0xc0, 0x0,
    0x1f, 0xb0, 0x7f, 0x60, 0xb, 0xf2, 0x0, 0xdf,
    0x15, 0xf8, 0x0, 0x3, 0xfa,

    /* U+0426 "Ц" */
    0xbd, 0x0, 0x0, 0x8f, 0x0, 0xbd, 0x0, 0x0,
    0x8f, 0x0, 0xbd, 0x0, 0x0, 0x8f, 0x0, 0xbd,
    0x0, 0x0, 0x8f, 0x0, 0xbd, 0x0, 0x0, 0x8f,
    0x0, 0xbd, 0x0, 0x0, 0x8f, 0x0, 0xbd, 0x0,
    0x0, 0x8f, 0x0, 0xbd, 0x0, 0x0, 0x8f, 0x0,
    0xbe, 0x66, 0x66, 0xbf, 0x63, 0xbf, 0xff, 0xff,
    0xff, 0xf9, 0x0, 0x0, 0x0, 0x0, 0xe9, 0x0,
    0x0, 0x0, 0x0, 0xe9, 0x0, 0x0, 0x0, 0x0,
    0x74,

    /* U+0427 "Ч" */
    0x4f, 0x40, 0x0, 0x3f, 0x64, 0xf4, 0x0, 0x3,
    0xf6, 0x4f, 0x40, 0x0, 0x3f, 0x63, 0xf6, 0x0,
    0x3, 0xf6, 0xe, 0xe4, 0x22, 0x7f, 0x60, 0x4e,
    0xff, 0xff, 0xf6, 0x0, 0x3, 0x43, 0x3f, 0x60,
    0x0, 0x0, 0x3, 0xf6, 0x0, 0x0, 0x0, 0x3f,
    0x60, 0x0, 0x0, 0x3, 0xf6,

    /* U+0428 "Ш" */
    0xbd, 0x0, 0x2, 0xf6, 0x0, 0x9, 0xfb, 0xd0,
    0x0, 0x2f, 0x60, 0x0, 0x9f, 0xbd, 0x0, 0x2,
    0xf6, 0x0, 0x9, 0xfb, 0xd0, 0x0, 0x2f, 0x60,
    0x0, 0x9f, 0xbd, 0x0, 0x2, 0xf6, 0x0, 0x9,
    0xfb, 0xd0, 0x0, 0x2f, 0x60, 0x0, 0x9f, 0xbd,
    0x0, 0x2, 0xf6, 0x0, 0x9, 0xfb, 0xd0, 0x0,
    0x2f, 0x60, 0x0, 0x9f, 0xbe, 0x66, 0x67, 0xfa,
    0x66, 0x6b, 0xfb, 0xff, 0xff, 0xff, 0xff, 0xff,
    0xff,

    /* U+0429 "Щ" */
    0xbd, 0x0, 0x2, 0xf6, 0x0, 0x9, 0xf0, 0xb,
    0xd0, 0x0, 0x2f, 0x60, 0x0, 0x9f, 0x0, 0xbd,
    0x0, 0x2, 0xf6, 0x0, 0x9, 0xf0, 0xb, 0xd0,
    0x0, 0x2f, 0x60, 0x0, 0x9f, 0x0, 0xbd, 0x0,
    0x2, 0xf6, 0x0, 0x9, 0xf0, 0xb, 0xd0, 0x0,
    0x2f, 0x60, 0x0, 0x9f, 0x0, 0xbd, 0x0, 0x2,
    0xf6, 0x0, 0x9, 0xf0, 0xb, 0xd0, 0x0, 0x2f,
    0x60, 0x0, 0x9f, 0x0, 0xbe, 0x66, 0x67, 0xfa,
    0x66, 0x6b, 0xf6, 0x3b, 0xff, 0xff, 0xff, 0xff,
    0xff, 0xff, 0xf9, 0x0, 0x0, 0x0, 0x0, 0x0,
    0x0, 0xe, 0x90, 0x0, 0x0, 0x0, 0x0, 0x0,
    0x0, 0xe9, 0x0, 0x0, 0x0, 0x0, 0x0, 0x0,
    0x7, 0x40,

    /* U+042A "Ъ" */
    0xaf, 0xff, 0xb0, 0x0, 0x0, 0x4, 0x66, 0xeb,
    0x0, 0x0, 0x0, 0x0, 0xd, 0xb0, 0x0, 0x0,
    0x0, 0x0, 0xdb, 0x11, 0x0, 0x0, 0x0, 0xd,
    0xff, 0xff, 0xb2, 0x0, 0x0, 0xdc, 0x44, 0x6e,
    0xd0, 0x0, 0xd, 0xb0, 0x0, 0x6f, 0x30, 0x0,
    0xdb, 0x0, 0x6, 0xf2, 0x0, 0xd, 0xc5, 0x57,
    0xed, 0x0, 0x0, 0xdf, 0xff, 0xea, 0x10,

    /* U+042B "Ы" */
    0xbd, 0x0, 0x0, 0x0, 0x5f, 0x4b, 0xd0, 0x0,
    0x0, 0x5, 0xf4, 0xbd, 0x0, 0x0, 0x0, 0x5f,
    0x4b, 0xd1, 0x10, 0x0, 0x5, 0xf4, 0xbf, 0xff,
    0xfb, 0x20, 0x5f, 0x4b, 0xe4, 0x46, 0xee, 0x5,
    0xf4, 0xbd, 0x0, 0x5, 0xf4, 0x5f, 0x4b, 0xd0,
    0x0, 0x5f, 0x45, 0xf4, 0xbe, 0x55, 0x6e, 0xe0,
    0x5f, 0x4b, 0xff, 0xfe, 0xb2, 0x5, 0xf4,

    /* U+042C "Ь" */
    0xbd, 0x0, 0x0, 0x0, 0xbd, 0x0, 0x0, 0x0,
    0xbd, 0x0, 0x0, 0x0, 0xbd, 0x11, 0x0, 0x0,
    0xbf, 0xff, 0xfc, 0x30, 0xbe, 0x44, 0x5d, 0xe1,
    0xbd, 0x0, 0x4, 0xf5, 0xbd, 0x0, 0x4, 0xf5,
    0xbe, 0x55, 0x6d, 0xe1, 0xbf, 0xff, 0xfb, 0x20,

    /* U+042D "Э" */
    0x6, 0xcf, 0xfd, 0x80, 0x0, 0x1e, 0xa7, 0x6a,
    0xfc, 0x0, 0x0, 0x0, 0x0, 0x4f, 0x80, 0x0,
    0x0, 0x0, 0xa, 0xe0, 0x0, 0xbf, 0xff, 0xff,
    0xf1, 0x0, 0x23, 0x33, 0x39, 0xf0, 0x0, 0x0,
    0x0, 0xb, 0xe0, 0x2, 0x0, 0x0, 0x4f, 0x80,
    0x6f, 0xb7, 0x7a, 0xfc, 0x0, 0x18, 0xdf, 0xfd,
    0x70, 0x0,

    /* U+042E "Ю" */
    0xbd, 0x0, 0x0, 0x5c, 0xff, 0xc6, 0x0, 0xb,
    0xd0, 0x0, 0x9f, 0xa5, 0x48, 0xfb, 0x0, 0xbd,
    0x0, 0x6f, 0x60, 0x0, 0x4, 0xf9, 0xb, 0xd1,
    0x1d, 0xd0, 0x0, 0x0, 0xa, 0xf0, 0xbf, 0xff,
    0xf9, 0x0, 0x0, 0x0, 0x6f, 0x3b, 0xe4, 0x5f,
    0x90, 0x0, 0x0, 0x6, 0xf3, 0xbd, 0x0, 0xdd,
    0x0, 0x0, 0x0, 0xaf, 0xb, 0xd0, 0x6, 0xf6,
    0x0, 0x0, 0x4f, 0x90, 0xbd, 0x0, 0x9, 0xfa,
    0x54, 0x8f, 0xc0, 0xb, 0xd0, 0x0, 0x5, 0xcf,
    0xfc, 0x60, 0x0,

    /* U+042F "Я" */
    0x0, 0x8e, 0xff, 0xff, 0x0, 0x9f, 0x85, 0x5a,
    0xf0, 0xe, 0xa0, 0x0, 0x8f, 0x0, 0xfa, 0x0,
    0x8, 0xf0, 0xa, 0xf4, 0x0, 0x8f, 0x0, 0x1b,
    0xff, 0xff, 0xf0, 0x0, 0xd, 0xd3, 0xaf, 0x0,
    0x9, 0xf3, 0x8, 0xf0, 0x5, 0xf7, 0x0, 0x8f,
    0x2, 0xfb, 0x0, 0x8, 0xf0,

    /* U+0430 "а" */
    0x8, 0xdf, 0xe9, 0x0, 0x95, 0x47, 0xf8, 0x0,
    0x2, 0x2d, 0xb0, 0x9f, 0xdd, 0xfc, 0x5f, 0x20,
    0xc, 0xc5, 0xf6, 0x37, 0xfc, 0x9, 0xff, 0xab,
    0xc0,

    /* U+0431 "б" */
    0x0, 0x0, 0x0, 0x42, 0x0, 0x2, 0x9d, 0xff,
    0x70, 0x4, 0xfc, 0x74, 0x10, 0x0, 0xda, 0x0,
    0x0, 0x0, 0x2f, 0x6c, 0xfe, 0x70, 0x4, 0xfe,
    0x73, 0x8f, 0x70, 0x5f, 0x80, 0x0, 0xaf, 0x4,
    0xf5, 0x0, 0x7, 0xf1, 0x1f, 0x80, 0x0, 0xbe,
    0x0, 0x9f, 0x85, 0xaf, 0x60, 0x0, 0x7e, 0xfd,
    0x60, 0x0,

    /* U+0432 "в" */
    0xef, 0xff, 0xd4, 0xe, 0x91, 0x2b, 0xe0, 0xe9,
    0x0, 0xac, 0xe, 0xff, 0xff, 0x60, 0xea, 0x22,
    0x8f, 0x2e, 0x92, 0x28, 0xf2, 0xef, 0xff, 0xe7,
    0x0,

    /* U+0433 "г" */
    0xef, 0xff, 0xae, 0xb4, 0x42, 0xe9, 0x0, 0xe,
    0x90, 0x0, 0xe9, 0x0, 0xe, 0x90, 0x0, 0xe9,
    0x0, 0x0,

    /* U+0434 "д" */
    0x2, 0xff, 0xff, 0xfa, 0x0, 0x2, 0xf7, 0x44,
    0xea, 0x0, 0x2, 0xf4, 0x0, 0xea, 0x0, 0x2,
    0xf3, 0x0, 0xea, 0x0, 0x6, 0xf1, 0x0, 0xea,
    0x0, 0x4e, 0xc4, 0x44, 0xeb, 0x40, 0xbf, 0xff,
    0xff, 0xff, 0xf0, 0xbb, 0x0, 0x0, 0x6, 0xf0,
    0xbb, 0x0, 0x0, 0x6, 0xf0,

    /* U+0435 "е" */
    0x1, 0xaf, 0xfb, 0x20, 0xd, 0xd4, 0x3b, 0xe1,
    0x6f, 0x20, 0x2, 0xf6, 0x8f, 0xff, 0xff, 0xf8,
    0x6f, 0x32, 0x22, 0x21, 0xe, 0xc5, 0x46, 0x70,
    0x1, 0xaf, 0xfd, 0x70,

    /* U+0436 "ж" */
    0x2f, 0x80, 0x3f, 0x50, 0x5f, 0x40, 0x9f, 0x13,
    0xf5, 0xd, 0xb0, 0x1, 0xf9, 0x3f, 0x57, 0xf2,
    0x0, 0xa, 0xff, 0xff, 0xfc, 0x0, 0x2, 0xf9,
    0x6f, 0x78, 0xf4, 0x0, 0xbe, 0x3, 0xf5, 0xd,
    0xd0, 0x6f, 0x50, 0x3f, 0x50, 0x4f, 0x80,

    /* U+0437 "з" */
    0x19, 0xef, 0xe8, 0x1, 0xb5, 0x38, 0xf4, 0x0,
    0x0, 0x4f, 0x30, 0x1f, 0xff, 0xa0, 0x0, 0x22,
    0x5f, 0x82, 0x84, 0x35, 0xf8, 0x3b, 0xef, 0xe9,
    0x0,

    /* U+0438 "и" */
    0xe9, 0x0, 0x2e, 0xae, 0x90, 0xd, 0xfa, 0xe9,
    0xa, 0xee, 0xae, 0x97, 0xf3, 0xda, 0xec, 0xf6,
    0xd, 0xae, 0xf9, 0x0, 0xda, 0xec, 0x0, 0xd,
    0xa0,

    /* U+0439 "й" */
    0x18, 0x0, 0x27, 0x1, 0xf6, 0xa, 0xc0, 0x5,
    0xff, 0xd2, 0x0, 0x0, 0x10, 0x0, 0xe9, 0x0,
    0x2e, 0xae, 0x90, 0xd, 0xfa, 0xe9, 0xa, 0xee,
    0xae, 0x97, 0xf3, 0xda, 0xec, 0xf6, 0xd, 0xae,
    0xf9, 0x0, 0xda, 0xec, 0x0, 0xd, 0xa0,

    /* U+043A "к" */
    0xe9, 0x0, 0xcd, 0xe, 0x90, 0x6f, 0x30, 0xe9,
    0x1e, 0xa0, 0xe, 0xff, 0xf3, 0x0, 0xeb, 0x3e,
    0xc0, 0xe, 0x90, 0x5f, 0x70, 0xe9, 0x0, 0xaf,
    0x30,

    /* U+043B "л" */
    0x2, 0xff, 0xff, 0xf7, 0x2, 0xf7, 0x44, 0xf7,
    0x2, 0xf4, 0x1, 0xf7, 0x3, 0xf3, 0x1, 0xf7,
    0x6, 0xf1, 0x1, 0xf7, 0x4e, 0xc0, 0x1, 0xf7,
    0x6d, 0x20, 0x1, 0xf7, 0x0, 0x0, 0x0, 0x0,

    /* U+043C "м" */
    0xec, 0x0, 0x0, 0x7f, 0x3e, 0xf7, 0x0, 0x2f,
    0xf3, 0xed, 0xf3, 0xc, 0xef, 0x3e, 0x5d, 0xd7,
    0xf4, 0xf3, 0xe5, 0x2f, 0xf6, 0x2f, 0x3e, 0x50,
    0x58, 0x3, 0xf3, 0xe5, 0x0, 0x0, 0x3f, 0x30,

    /* U+043D "н" */
    0xe9, 0x0, 0xe, 0xae, 0x90, 0x0, 0xea, 0xe9,
    0x0, 0xe, 0xae, 0xff, 0xff, 0xfa, 0xeb, 0x33,
    0x3f, 0xae, 0x90, 0x0, 0xea, 0xe9, 0x0, 0xe,
    0xa0,

    /* U+043E "о" */
    0x1, 0x9e, 0xfc, 0x40, 0xc, 0xe7, 0x6b, 0xf4,
    0x5f, 0x40, 0x0, 0xcd, 0x8f, 0x0, 0x0, 0x9f,
    0x5f, 0x40, 0x0, 0xcd, 0xd, 0xe7, 0x5b, 0xf4,
    0x1, 0x9e, 0xfc, 0x40,

    /* U+043F "п" */
    0xef, 0xff, 0xff, 0x9e, 0xb4, 0x44, 0xf9, 0xe9,
    0x0, 0xe, 0x9e, 0x90, 0x0, 0xe9, 0xe9, 0x0,
    0xe, 0x9e, 0x90, 0x0, 0xe9, 0xe9, 0x0, 0xe,
    0x90,

    /* U+0440 "р" */
    0xe9, 0xbf, 0xfb, 0x20, 0xef, 0x92, 0x4c, 0xe1,
    0xec, 0x0, 0x2, 0xf7, 0xea, 0x0, 0x0, 0xf9,
    0xed, 0x0, 0x3, 0xf6, 0xef, 0xb5, 0x7e, 0xe1,
    0xea, 0x9f, 0xfb, 0x20, 0xe9, 0x0, 0x0, 0x0,
    0xe9, 0x0, 0x0, 0x0, 0xe9, 0x0, 0x0, 0x0,

    /* U+0441 "с" */
    0x1, 0x9e, 0xfd, 0x50, 0xde, 0x75, 0x94, 0x5f,
    0x40, 0x0, 0x8, 0xf0, 0x0, 0x0, 0x5f, 0x40,
    0x0, 0x0, 0xde, 0x75, 0x97, 0x1, 0x9e, 0xfc,
    0x50,

    /* U+0442 "т" */
    0xaf, 0xff, 0xff, 0x72, 0x48, 0xf5, 0x41, 0x0,
    0x6f, 0x20, 0x0, 0x6, 0xf2, 0x0, 0x0, 0x6f,
    0x20, 0x0, 0x6, 0xf2, 0x0, 0x0, 0x6f, 0x20,
    0x0,

    /* U+0443 "у" */
    0x9f, 0x10, 0x7, 0xf2, 0x3f, 0x60, 0xd, 0xb0,
    0xd, 0xc0, 0x3f, 0x50, 0x6, 0xf2, 0x8f, 0x0,
    0x1, 0xf8, 0xe9, 0x0, 0x0, 0xaf, 0xf3, 0x0,
    0x0, 0x4f, 0xd0, 0x0, 0x0, 0x3f, 0x70, 0x0,
    0x46, 0xdf, 0x10, 0x0, 0x9f, 0xd4, 0x0, 0x0,

    /* U+0444 "ф" */
    0x0, 0x0, 0x7f, 0x10, 0x0, 0x0, 0x0, 0x7,
    0xf1, 0x0, 0x0, 0x0, 0x0, 0x7f, 0x10, 0x0,
    0x0, 0x7, 0xcf, 0xfe, 0xb5, 0x0, 0xc, 0xf8,
    0xaf, 0x6a, 0xf8, 0x5, 0xf4, 0x7, 0xf1, 0x9,
    0xf1, 0x8f, 0x0, 0x7f, 0x10, 0x5f, 0x35, 0xf4,
    0x7, 0xf1, 0x9, 0xf1, 0xc, 0xf8, 0xaf, 0x6a,
    0xf7, 0x0, 0x7, 0xcf, 0xfe, 0xb4, 0x0, 0x0,
    0x0, 0x7f, 0x10, 0x0, 0x0, 0x0, 0x7, 0xf1,
    0x0, 0x0, 0x0, 0x0, 0x7f, 0x10, 0x0, 0x0,

    /* U+0445 "х" */
    0x4f, 0x90, 0x2f, 0xc0, 0xa, 0xf3, 0xbf, 0x20,
    0x1, 0xee, 0xf6, 0x0, 0x0, 0x7f, 0xf0, 0x0,
    0x1, 0xed, 0xf8, 0x0, 0xb, 0xf2, 0xaf, 0x30,
    0x6f, 0x60, 0x1e, 0xe0,

    /* U+0446 "ц" */
    0xe9, 0x0, 0x1f, 0x70, 0xe, 0x90, 0x1, 0xf7,
    0x0, 0xe9, 0x0, 0x1f, 0x70, 0xe, 0x90, 0x1,
    0xf7, 0x0, 0xe9, 0x0, 0x1f, 0x70, 0xe, 0xb4,
    0x44, 0xf9, 0x40, 0xef, 0xff, 0xff, 0xff, 0x30,
    0x0, 0x0, 0x2, 0xf3, 0x0, 0x0, 0x0, 0x2f,
    0x30,

    /* U+0447 "ч" */
    0x9f, 0x0, 0xd, 0xa9, 0xf0, 0x0, 0xda, 0x7f,
    0x60, 0x1e, 0xa1, 0xdf, 0xff, 0xfa, 0x0, 0x23,
    0x1d, 0xa0, 0x0, 0x0, 0xda, 0x0, 0x0, 0xd,
    0xa0,

    /* U+0448 "ш" */
    0xe9, 0x0, 0x8f, 0x0, 0x1f, 0x6e, 0x90, 0x8,
    0xf0, 0x1, 0xf6, 0xe9, 0x0, 0x8f, 0x0, 0x1f,
    0x6e, 0x90, 0x8, 0xf0, 0x1, 0xf6, 0xe9, 0x0,
    0x8f, 0x0, 0x1f, 0x6e, 0xa4, 0x4a, 0xf4, 0x45,
    0xf6, 0xef, 0xff, 0xff, 0xff, 0xff, 0x60,

    /* U+0449 "щ" */
    0xe9, 0x0, 0x8f, 0x0, 0x1f, 0x60, 0xe, 0x90,
    0x8, 0xf0, 0x1, 0xf6, 0x0, 0xe9, 0x0, 0x8f,
    0x0, 0x1f, 0x60, 0xe, 0x90, 0x8, 0xf0, 0x1,
    0xf6, 0x0, 0xe9, 0x0, 0x8f, 0x0, 0x1f, 0x60,
    0xe, 0xa4, 0x4a, 0xf4, 0x45, 0xf8, 0x40, 0xef,
    0xff, 0xff, 0xff, 0xff, 0xff, 0x20, 0x0, 0x0,
    0x0, 0x0, 0x3, 0xf2, 0x0, 0x0, 0x0, 0x0,
    0x0, 0x3f, 0x20,

    /* U+044A "ъ" */
    0xaf, 0xff, 0x0, 0x0, 0x2, 0x4a, 0xf0, 0x0,
    0x0, 0x0, 0x9f, 0xff, 0xd6, 0x0, 0x9, 0xf2,
    0x29, 0xf3, 0x0, 0x9f, 0x0, 0x3f, 0x60, 0x9,
    0xf2, 0x29, 0xf3, 0x0, 0x9f, 0xff, 0xd6, 0x0,

    /* U+044B "ы" */
    0xe9, 0x0, 0x0, 0xe, 0xae, 0x90, 0x0, 0x0,
    0xea, 0xef, 0xff, 0xb2, 0xe, 0xae, 0xa2, 0x4e,
    0xc0, 0xea, 0xe9, 0x0, 0xaf, 0xe, 0xae, 0xa2,
    0x4e, 0xc0, 0xea, 0xef, 0xff, 0xb2, 0xe, 0xa0,

    /* U+044C "ь" */
    0xe9, 0x0, 0x0, 0xe, 0x90, 0x0, 0x0, 0xef,
    0xff, 0xb2, 0xe, 0xa2, 0x3d, 0xd0, 0xe9, 0x0,
    0x9f, 0xe, 0xa2, 0x3d, 0xd0, 0xef, 0xff, 0xb2,
    0x0,

    /* U+044D "э" */
    0x2a, 0xef, 0xc4, 0x2, 0xa4, 0x49, 0xf4, 0x0,
    0x0, 0xd, 0xa0, 0x4f, 0xff, 0xfc, 0x0, 0x22,
    0x2e, 0xa3, 0x84, 0x4a, 0xf3, 0x3b, 0xff, 0xc4,
    0x0,

    /* U+044E "ю" */
    0xe9, 0x0, 0x3c, 0xff, 0xa1, 0xe, 0x90, 0x3f,
    0x92, 0x4c, 0xe0, 0xe9, 0xb, 0xd0, 0x0, 0x2f,
    0x7e, 0xff, 0xfa, 0x0, 0x0, 0xf9, 0xeb, 0x3c,
    0xd0, 0x0, 0x2f, 0x6e, 0x90, 0x3f, 0x92, 0x3c,
    0xd0, 0xe9, 0x0, 0x4c, 0xff, 0xa1, 0x0,

    /* U+044F "я" */
    0x4, 0xdf, 0xff, 0xc0, 0xfb, 0x32, 0xcc, 0x1f,
    0x90, 0xb, 0xc0, 0x7f, 0xff, 0xfc, 0x0, 0xbe,
    0x2c, 0xc0, 0x5f, 0x50, 0xbc, 0x1f, 0xa0, 0xb,
    0xc0,

    /* U+0450 "ѐ" */
    0x0, 0x45, 0x0, 0x0, 0x0, 0x5f, 0x30, 0x0,
    0x0, 0xc, 0xb0, 0x0, 0x0, 0x0, 0x0, 0x0,
    0x1, 0xaf, 0xfb, 0x20, 0xd, 0xd4, 0x3b, 0xe1,
    0x6f, 0x20, 0x2, 0xf6, 0x8f, 0xff, 0xff, 0xf8,
    0x6f, 0x32, 0x22, 0x21, 0xe, 0xc5, 0x46, 0x70,
    0x1, 0xaf, 0xfd, 0x70,

    /* U+0451 "ё" */
    0x3, 0xf5, 0x3f, 0x60, 0x2, 0xc4, 0x2c, 0x50,
    0x0, 0x0, 0x0, 0x0, 0x1, 0xaf, 0xfb, 0x20,
    0xd, 0xd4, 0x3b, 0xe1, 0x6f, 0x20, 0x2, 0xf6,
    0x8f, 0xff, 0xff, 0xf8, 0x6f, 0x32, 0x22, 0x21,
    0xe, 0xc5, 0x46, 0x70, 0x1, 0xaf, 0xfd, 0x70,

    /* U+0452 "ђ" */
    0xe, 0x90, 0x0, 0x0, 0xdf, 0xff, 0xf0, 0x0,
    0xe, 0x90, 0x0, 0x0, 0xe, 0xaa, 0xfe, 0x80,
    0xe, 0xfa, 0x6c, 0xf5, 0xe, 0xc0, 0x1, 0xf9,
    0xe, 0x90, 0x0, 0xfb, 0xe, 0x90, 0x0, 0xfa,
    0xe, 0x90, 0x2, 0xf7, 0xe, 0x90, 0x9, 0xf2,
    0x0, 0x0, 0x8f, 0x90, 0x0, 0x0, 0x99, 0x0,
    0x0, 0x0, 0x0, 0x0,

    /* U+0453 "ѓ" */
    0x0, 0x16, 0x10, 0xa, 0xd0, 0x3, 0xf4, 0x0,
    0x0, 0x0, 0xef, 0xff, 0xae, 0xb4, 0x42, 0xe9,
    0x0, 0xe, 0x90, 0x0, 0xe9, 0x0, 0xe, 0x90,
    0x0, 0xe9, 0x0, 0x0,

    /* U+0454 "є" */
    0x1, 0x9e, 0xfd, 0x60, 0xdd, 0x53, 0x75, 0x5f,
    0x20, 0x0, 0x8, 0xff, 0xff, 0xa0, 0x6f, 0x42,
    0x21, 0x0, 0xdd, 0x53, 0x67, 0x1, 0xae, 0xfc,
    0x60,

    /* U+0455 "ѕ" */
    0x5, 0xdf, 0xe8, 0x1, 0xf8, 0x35, 0x90, 0x2f,
    0x82, 0x0, 0x0, 0x5d, 0xfe, 0x60, 0x0, 0x1,
    0x7f, 0x22, 0xb5, 0x38, 0xf2, 0x1a, 0xef, 0xd5,
    0x0,

    /* U+0456 "і" */
    0x1e, 0xa0, 0xc9, 0x0, 0x0, 0xe9, 0xe, 0x90,
    0xe9, 0xe, 0x90, 0xe9, 0xe, 0x90, 0xe9,

    /* U+0457 "ї" */
    0x2f, 0x6b, 0xc1, 0xc5, 0x9a, 0x0, 0x0, 0x0,
    0xe, 0x90, 0x0, 0xe9, 0x0, 0xe, 0x90, 0x0,
    0xe9, 0x0, 0xe, 0x90, 0x0, 0xe9, 0x0, 0xe,
    0x90,

    /* U+0458 "ј" */
    0x1, 0xea, 0x0, 0xc9, 0x0, 0x0, 0x0, 0xe9,
    0x0, 0xe9, 0x0, 0xe9, 0x0, 0xe9, 0x0, 0xe9,
    0x0, 0xe9, 0x0, 0xe9, 0x0, 0xe9, 0x46, 0xf8,
    0xbf, 0xc1,

    /* U+0459 "љ" */
    0x2, 0xff, 0xff, 0xf3, 0x0, 0x0, 0x2, 0xf7,
    0x47, 0xf3, 0x0, 0x0, 0x2, 0xf4, 0x4, 0xff,
    0xfe, 0x90, 0x3, 0xf3, 0x4, 0xf5, 0x26, 0xf7,
    0x5, 0xf1, 0x4, 0xf3, 0x0, 0xea, 0x4e, 0xd0,
    0x4, 0xf5, 0x26, 0xf7, 0x6d, 0x20, 0x4, 0xff,
    0xfe, 0x90, 0x0, 0x0, 0x0, 0x0, 0x0, 0x0,

    /* U+045A "њ" */
    0xe9, 0x0, 0x1f, 0x70, 0x0, 0xe, 0x90, 0x1,
    0xf7, 0x0, 0x0, 0xe9, 0x0, 0x1f, 0x70, 0x0,
    0xe, 0xff, 0xff, 0xff, 0xff, 0xb2, 0xea, 0x22,
    0x3f, 0x92, 0x4e, 0xbe, 0x90, 0x1, 0xf8, 0x23,
    0xeb, 0xe9, 0x0, 0x1f, 0xff, 0xfb, 0x20,

    /* U+045B "ћ" */
    0xe, 0x90, 0x0, 0x0, 0xdf, 0xff, 0xf0, 0x0,
    0xe, 0x90, 0x0, 0x0, 0xe, 0xbb, 0xfe, 0x80,
    0xe, 0xfa, 0x6c, 0xf5, 0xe, 0xc0, 0x0, 0xf9,
    0xe, 0x90, 0x0, 0xe9, 0xe, 0x90, 0x0, 0xe9,
    0xe, 0x90, 0x0, 0xe9, 0xe, 0x90, 0x0, 0xe9,

    /* U+045C "ќ" */
    0x0, 0x3, 0x50, 0x0, 0x1, 0xe8, 0x0, 0x0,
    0x8d, 0x0, 0x0, 0x0, 0x0, 0x0, 0xe9, 0x0,
    0xcd, 0xe, 0x90, 0x6f, 0x30, 0xe9, 0x1e, 0xa0,
    0xe, 0xff, 0xf3, 0x0, 0xeb, 0x3e, 0xc0, 0xe,
    0x90, 0x5f, 0x70, 0xe9, 0x0, 0xaf, 0x30,

    /* U+045D "ѝ" */
    0x3, 0x60, 0x0, 0x0, 0x2f, 0x70, 0x0, 0x0,
    0x8e, 0x0, 0x0, 0x0, 0x0, 0x0, 0xe9, 0x0,
    0x2e, 0xae, 0x90, 0xd, 0xfa, 0xe9, 0xa, 0xee,
    0xae, 0x97, 0xf3, 0xda, 0xec, 0xf6, 0xd, 0xae,
    0xf9, 0x0, 0xda, 0xec, 0x0, 0xd, 0xa0,

    /* U+045E "ў" */
    0x6, 0x30, 0x8, 0x20, 0xb, 0xb0, 0x4f, 0x20,
    0x2, 0xdf, 0xf6, 0x0, 0x0, 0x1, 0x0, 0x0,
    0x9f, 0x10, 0x7, 0xf2, 0x3f, 0x60, 0xd, 0xb0,
    0xd, 0xc0, 0x3f, 0x50, 0x6, 0xf2, 0x8f, 0x0,
    0x1, 0xf8, 0xe9, 0x0, 0x0, 0xaf, 0xf3, 0x0,
    0x0, 0x4f, 0xd0, 0x0, 0x0, 0x3f, 0x70, 0x0,
    0x46, 0xdf, 0x10, 0x0, 0x9f, 0xd4, 0x0, 0x0,

    /* U+045F "џ" */
    0xe9, 0x0, 0x1f, 0x7e, 0x90, 0x1, 0xf7, 0xe9,
    0x0, 0x1f, 0x7e, 0x90, 0x1, 0xf7, 0xe9, 0x0,
    0x1f, 0x7e, 0xb4, 0x44, 0xf7, 0xef, 0xff, 0xff,
    0x70, 0x7, 0xf0, 0x0, 0x0, 0x7f, 0x0, 0x0,

    /* U+0462 "Ѣ" */
    0x0, 0x5f, 0x40, 0x0, 0x0, 0x0, 0x5f, 0x40,
    0x0, 0x0, 0xaf, 0xff, 0xff, 0x90, 0x0, 0x12,
    0x7f, 0x63, 0x20, 0x0, 0x0, 0x5f, 0xff, 0xfe,
    0x60, 0x0, 0x5f, 0x63, 0x49, 0xf6, 0x0, 0x5f,
    0x30, 0x0, 0xeb, 0x0, 0x5f, 0x30, 0x0, 0xdb,
    0x0, 0x5f, 0x63, 0x49, 0xf6, 0x0, 0x5f, 0xff,
    0xfd, 0x60,

    /* U+0463 "ѣ" */
    0x0, 0x9f, 0x0, 0x0, 0x0, 0x9, 0xf0, 0x0,
    0x0, 0x0, 0x9f, 0x0, 0x0, 0xa, 0xff, 0xff,
    0xf0, 0x0, 0x23, 0xaf, 0x33, 0x0, 0x0, 0x9,
    0xf0, 0x0, 0x0, 0x0, 0x9f, 0xee, 0xd7, 0x0,
    0x9, 0xf1, 0x28, 0xf4, 0x0, 0x9f, 0x22, 0x8f,
    0x40, 0x9, 0xff, 0xfe, 0x70,

    /* U+046A "Ѫ" */
    0x9, 0xff, 0xff, 0xff, 0xff, 0xff, 0x80, 0x6,
    0xf9, 0x44, 0x44, 0x44, 0xaf, 0x50, 0x0, 0xbf,
    0x20, 0x0, 0x2, 0xf9, 0x0, 0x0, 0x1e, 0xc0,
    0x0, 0xd, 0xd0, 0x0, 0x0, 0x5, 0xff, 0xff,
    0xff, 0x30, 0x0, 0x0, 0x9, 0xf4, 0xdc, 0x4f,
    0x90, 0x0, 0x0, 0x4f, 0x70, 0xdc, 0x8, 0xf4,
    0x0, 0x1, 0xec, 0x0, 0xdc, 0x0, 0xde, 0x10,
    0xa, 0xf2, 0x0, 0xdc, 0x0, 0x3f, 0xa0, 0x5f,
    0x70, 0x0, 0xdc, 0x0, 0x9, 0xf4,

    /* U+046B "ѫ" */
    0xf, 0xff, 0xff, 0xff, 0xff, 0x0, 0xce, 0x22,
    0x22, 0x2d, 0xc0, 0x3, 0xf7, 0x0, 0x5, 0xf4,
    0x0, 0xc, 0xfe, 0xee, 0xfd, 0x0, 0x2, 0xf8,
    0x4f, 0x67, 0xf5, 0x0, 0xce, 0x3, 0xf5, 0xd,
    0xe0, 0x6f, 0x50, 0x3f, 0x50, 0x4f, 0x80,

    /* U+0472 "Ѳ" */
    0x0, 0x7, 0xdf, 0xfb, 0x40, 0x0, 0x1d, 0xfb,
    0x78, 0xdf, 0x80, 0xa, 0xf4, 0x0, 0x0, 0xaf,
    0x41, 0xf9, 0x0, 0x0, 0x0, 0xeb, 0x4f, 0xdf,
    0xfb, 0x51, 0x2d, 0xe4, 0xfb, 0x44, 0x9e, 0xff,
    0xfe, 0x1f, 0x90, 0x0, 0x3, 0x2e, 0xb0, 0xaf,
    0x40, 0x0, 0xa, 0xf4, 0x1, 0xdf, 0xb7, 0x8d,
    0xf8, 0x0, 0x0, 0x7d, 0xff, 0xb4, 0x0,

    /* U+0473 "ѳ" */
    0x1, 0x9e, 0xfc, 0x40, 0xc, 0xd5, 0x49, 0xf4,
    0x5f, 0x20, 0x0, 0xad, 0x8f, 0xff, 0xff, 0xff,
    0x5f, 0x20, 0x0, 0xad, 0xd, 0xd5, 0x39, 0xf4,
    0x1, 0x9e, 0xfc, 0x40,

    /* U+0474 "Ѵ" */
    0x0, 0x0, 0x0, 0x0, 0x1, 0xb, 0xf0, 0x0,
    0x0, 0x4e, 0xd0, 0x5f, 0x60, 0x0, 0x1f, 0xd6,
    0x0, 0xfc, 0x0, 0x7, 0xf2, 0x0, 0x9, 0xf1,
    0x0, 0xdb, 0x0, 0x0, 0x3f, 0x70, 0x2f, 0x60,
    0x0, 0x0, 0xdd, 0x8, 0xf1, 0x0, 0x0, 0x7,
    0xf3, 0xdb, 0x0, 0x0, 0x0, 0x1f, 0xbf, 0x50,
    0x0, 0x0, 0x0, 0xbf, 0xf0, 0x0, 0x0, 0x0,
    0x5, 0xfb, 0x0, 0x0, 0x0,

    /* U+0475 "ѵ" */
    0x9f, 0x10, 0x3, 0xd7, 0x3f, 0x60, 0xd, 0xf6,
    0xd, 0xc0, 0x4f, 0x60, 0x7, 0xf1, 0xae, 0x0,
    0x2, 0xf8, 0xf8, 0x0, 0x0, 0xcf, 0xf2, 0x0,
    0x0, 0x6f, 0xb0, 0x0,

    /* U+0490 "Ґ" */
    0x0, 0x0, 0xad, 0x0, 0x0, 0xad, 0xbf, 0xff,
    0xfe, 0xbe, 0x66, 0x77, 0xbd, 0x0, 0x0, 0xbd,
    0x0, 0x0, 0xbd, 0x0, 0x0, 0xbd, 0x0, 0x0,
    0xbd, 0x0, 0x0, 0xbd, 0x0, 0x0, 0xbd, 0x0,
    0x0, 0xbd, 0x0, 0x0,

    /* U+0491 "ґ" */
    0x0, 0xc, 0xa0, 0x0, 0xca, 0xef, 0xff, 0xce,
    0xb4, 0x43, 0xe9, 0x0, 0xe, 0x90, 0x0, 0xe9,
    0x0, 0xe, 0x90, 0x0, 0xe9, 0x0, 0x0,

    /* U+0492 "Ғ" */
    0x2, 0xff, 0xff, 0xf6, 0x2, 0xfa, 0x66, 0x62,
    0x2, 0xf6, 0x0, 0x0, 0x2, 0xf6, 0x0, 0x0,
    0x2, 0xf6, 0x0, 0x0, 0x3f, 0xff, 0xff, 0xf0,
    0x5, 0xf8, 0x22, 0x20, 0x2, 0xf6, 0x0, 0x0,
    0x2, 0xf6, 0x0, 0x0, 0x2, 0xf6, 0x0, 0x0,

    /* U+0493 "ғ" */
    0xa, 0xff, 0xfe, 0xa, 0xe4, 0x43, 0xa, 0xe0,
    0x0, 0xbf, 0xff, 0xf1, 0xa, 0xe0, 0x0, 0xa,
    0xe0, 0x0, 0xa, 0xe0, 0x0,

    /* U+0494 "Ҕ" */
    0xbf, 0xff, 0xff, 0x50, 0xbe, 0x66, 0x66, 0x20,
    0xbd, 0x0, 0x0, 0x0, 0xbd, 0x0, 0x0, 0x0,
    0xbf, 0xef, 0xfc, 0x40, 0xbe, 0x54, 0x5d, 0xf4,
    0xbd, 0x0, 0x1, 0xeb, 0xbd, 0x0, 0x0, 0xbd,
    0xbd, 0x0, 0x0, 0xcc, 0xbd, 0x0, 0x3, 0xf8,
    0x0, 0x0, 0x3e, 0xe1, 0x0, 0x0, 0x5c, 0x20,
    0x0, 0x0, 0x0, 0x0,

    /* U+0495 "ҕ" */
    0xef, 0xff, 0xa0, 0xeb, 0x44, 0x20, 0xe9, 0x0,
    0x0, 0xef, 0xfe, 0xa1, 0xeb, 0x35, 0xec, 0xe9,
    0x0, 0x7f, 0xe9, 0x0, 0xbc, 0x0, 0xa, 0xf3,
    0x0, 0x3, 0x20,

    /* U+0496 "Җ" */
    0xd, 0xe1, 0x0, 0xdc, 0x0, 0x1e, 0xc0, 0x3,
    0xfa, 0x0, 0xdc, 0x0, 0xbf, 0x20, 0x0, 0x7f,
    0x50, 0xdc, 0x6, 0xf6, 0x0, 0x0, 0xc, 0xe2,
    0xdc, 0x3f, 0xb0, 0x0, 0x0, 0x3, 0xff, 0xff,
    0xff, 0x10, 0x0, 0x0, 0x9, 0xf5, 0xdd, 0x6f,
    0x80, 0x0, 0x0, 0x4f, 0x70, 0xdc, 0x9, 0xf3,
    0x0, 0x1, 0xec, 0x0, 0xdc, 0x0, 0xed, 0x0,
    0xa, 0xf2, 0x0, 0xdc, 0x0, 0x4f, 0xb5, 0x5f,
    0x70, 0x0, 0xdc, 0x0, 0x9, 0xfc, 0x0, 0x0,
    0x0, 0x0, 0x0, 0x0, 0xbc, 0x0, 0x0, 0x0,
    0x0, 0x0, 0x0, 0xbc, 0x0, 0x0, 0x0, 0x0,
    0x0, 0x0, 0x56,

    /* U+0497 "җ" */
    0x2f, 0x80, 0x3f, 0x50, 0x5f, 0x40, 0x9, 0xf1,
    0x3f, 0x50, 0xdb, 0x0, 0x1, 0xf9, 0x3f, 0x57,
    0xf2, 0x0, 0x0, 0xaf, 0xff, 0xff, 0xc0, 0x0,
    0x2, 0xf9, 0x6f, 0x78, 0xf4, 0x0, 0xb, 0xe0,
    0x3f, 0x50, 0xdd, 0x40, 0x6f, 0x50, 0x3f, 0x50,
    0x4f, 0xf2, 0x0, 0x0, 0x0, 0x0, 0x4, 0xf2,
    0x0, 0x0, 0x0, 0x0, 0x4, 0xf2,

    /* U+0498 "Ҙ" */
    0x6, 0xcf, 0xfd, 0x50, 0x1e, 0xa6, 0x7d, 0xf3,
    0x0, 0x0, 0x2, 0xf6, 0x0, 0x0, 0x18, 0xe1,
    0x0, 0xdf, 0xff, 0x70, 0x0, 0x23, 0x39, 0xf6,
    0x0, 0x0, 0x0, 0xdc, 0x2, 0x0, 0x0, 0xeb,
    0x6f, 0x96, 0x7d, 0xf4, 0x18, 0xdf, 0xfc, 0x40,
    0x0, 0xb, 0xb2, 0x0, 0x0, 0x11, 0x9c, 0x0,
    0x0, 0x7d, 0xe6, 0x0,

    /* U+0499 "ҙ" */
    0x19, 0xef, 0xe8, 0x1, 0xb5, 0x38, 0xf4, 0x0,
    0x0, 0x4f, 0x30, 0x1f, 0xff, 0xa0, 0x0, 0x22,
    0x5f, 0x82, 0x84, 0x35, 0xf8, 0x3b, 0xff, 0xe9,
    0x0, 0x3, 0xe6, 0x0, 0x0, 0x14, 0xf4, 0x0,
    0x1d, 0xeb, 0x0,

    /* U+049A "Қ" */
    0xbd, 0x0, 0x7, 0xf7, 0xb, 0xd0, 0x4, 0xfa,
    0x0, 0xbd, 0x1, 0xed, 0x0, 0xb, 0xd2, 0xcf,
    0x20, 0x0, 0xbf, 0xff, 0x70, 0x0, 0xb, 0xe5,
    0xed, 0x10, 0x0, 0xbd, 0x4, 0xfb, 0x0, 0xb,
    0xd0, 0x8, 0xf7, 0x0, 0xbd, 0x0, 0xc, 0xf7,
    0x3b, 0xd0, 0x0, 0x1e, 0xf9, 0x0, 0x0, 0x0,
    0xe, 0x90, 0x0, 0x0, 0x0, 0xe9, 0x0, 0x0,
    0x0, 0x7, 0x40,

    /* U+049B "қ" */
    0xe9, 0x0, 0xcd, 0xe, 0x90, 0x6f, 0x30, 0xe9,
    0x1e, 0xa0, 0xe, 0xff, 0xf3, 0x0, 0xeb, 0x3e,
    0xc0, 0xe, 0x90, 0x5f, 0x83, 0xe9, 0x0, 0xaf,
    0xc0, 0x0, 0x0, 0xac, 0x0, 0x0, 0xa, 0xc0,

    /* U+049C "Ҝ" */
    0xbd, 0x0, 0x2, 0xfc, 0xb, 0xd0, 0x0, 0xcf,
    0x20, 0xbd, 0x57, 0x7f, 0x60, 0xb, 0xd7, 0xcf,
    0xb0, 0x0, 0xbf, 0xff, 0xf2, 0x0, 0xb, 0xe9,
    0xef, 0x90, 0x0, 0xbd, 0x69, 0xaf, 0x40, 0xb,
    0xd0, 0x11, 0xee, 0x10, 0xbd, 0x0, 0x5, 0xfa,
    0xb, 0xd0, 0x0, 0xa, 0xf6,

    /* U+049D "ҝ" */
    0xe9, 0x0, 0x5f, 0x4e, 0x98, 0x1e, 0xb0, 0xe9,
    0xd9, 0xf2, 0xe, 0xff, 0xfa, 0x0, 0xeb, 0xd9,
    0xf3, 0xe, 0x97, 0xd, 0xd0, 0xe9, 0x0, 0x3f,
    0x90,

    /* U+04A0 "Ҡ" */
    0xaf, 0xff, 0xb0, 0x0, 0xaf, 0x40, 0x46, 0x6f,
    0xb0, 0x6, 0xf8, 0x0, 0x0, 0xe, 0xb0, 0x3f,
    0xb0, 0x0, 0x0, 0xe, 0xb2, 0xee, 0x10, 0x0,
    0x0, 0xe, 0xff, 0xf4, 0x0, 0x0, 0x0, 0xe,
    0xc6, 0xfc, 0x0, 0x0, 0x0, 0xe, 0xb0, 0x6f,
    0x80, 0x0, 0x0, 0xe, 0xb0, 0xa, 0xf5, 0x0,
    0x0, 0xe, 0xb0, 0x0, 0xdf, 0x20, 0x0, 0xe,
    0xb0, 0x0, 0x3f, 0xc0,

    /* U+04A1 "ҡ" */
    0xaf, 0xff, 0x0, 0x6f, 0x32, 0x4a, 0xf0, 0x1f,
    0x90, 0x0, 0x9f, 0xa, 0xe1, 0x0, 0x9, 0xff,
    0xf8, 0x0, 0x0, 0x9f, 0x3a, 0xf2, 0x0, 0x9,
    0xf0, 0x1e, 0xc0, 0x0, 0x9f, 0x0, 0x5f, 0x80,

    /* U+04A2 "Ң" */
    0xbd, 0x0, 0x0, 0x6f, 0x20, 0xbd, 0x0, 0x0,
    0x6f, 0x20, 0xbd, 0x0, 0x0, 0x6f, 0x20, 0xbd,
    0x11, 0x11, 0x7f, 0x20, 0xbf, 0xff, 0xff, 0xff,
    0x20, 0xbe, 0x44, 0x44, 0x9f, 0x20, 0xbd, 0x0,
    0x0, 0x6f, 0x20, 0xbd, 0x0, 0x0, 0x6f, 0x20,
    0xbd, 0x0, 0x0, 0x6f, 0x84, 0xbd, 0x0, 0x0,
    0x6f, 0xfb, 0x0, 0x0, 0x0, 0x0, 0xcb, 0x0,
    0x0, 0x0, 0x0, 0xcb, 0x0, 0x0, 0x0, 0x0,
    0x65,

    /* U+04A3 "ң" */
    0xe9, 0x0, 0xe, 0xa0, 0xe, 0x90, 0x0, 0xea,
    0x0, 0xe9, 0x0, 0xe, 0xa0, 0xe, 0xff, 0xff,
    0xfa, 0x0, 0xeb, 0x33, 0x3f, 0xa0, 0xe, 0x90,
    0x0, 0xeb, 0x41, 0xe9, 0x0, 0xe, 0xff, 0x60,
    0x0, 0x0, 0x0, 0xf6, 0x0, 0x0, 0x0, 0xf,
    0x60,

    /* U+04A4 "Ҥ" */
    0xbd, 0x0, 0x0, 0x6f, 0xff, 0xff, 0x2b, 0xd0,
    0x0, 0x6, 0xf8, 0x66, 0x60, 0xbd, 0x0, 0x0,
    0x6f, 0x20, 0x0, 0xb, 0xd1, 0x11, 0x17, 0xf2,
    0x0, 0x0, 0xbf, 0xff, 0xff, 0xff, 0x20, 0x0,
    0xb, 0xe4, 0x44, 0x49, 0xf2, 0x0, 0x0, 0xbd,
    0x0, 0x0, 0x6f, 0x20, 0x0, 0xb, 0xd0, 0x0,
    0x6, 0xf2, 0x0, 0x0, 0xbd, 0x0, 0x0, 0x6f,
    0x20, 0x0, 0xb, 0xd0, 0x0, 0x6, 0xf2, 0x0,
    0x0,

    /* U+04A5 "ҥ" */
    0xe9, 0x0, 0xe, 0xff, 0xfa, 0xe9, 0x0, 0xe,
    0xb4, 0x42, 0xe9, 0x0, 0xe, 0xa0, 0x0, 0xef,
    0xff, 0xff, 0xa0, 0x0, 0xeb, 0x33, 0x3f, 0xa0,
    0x0, 0xe9, 0x0, 0xe, 0xa0, 0x0, 0xe9, 0x0,
    0xe, 0xa0, 0x0,

    /* U+04AA "Ҫ" */
    0x0, 0x18, 0xdf, 0xfc, 0x50, 0x1, 0xdf, 0xb8,
    0x8d, 0xc0, 0xb, 0xf4, 0x0, 0x0, 0x10, 0x1f,
    0x90, 0x0, 0x0, 0x0, 0x4f, 0x50, 0x0, 0x0,
    0x0, 0x4f, 0x50, 0x0, 0x0, 0x0, 0x2f, 0x90,
    0x0, 0x0, 0x0, 0xc, 0xf4, 0x0, 0x0, 0x20,
    0x2, 0xef, 0xb8, 0x8c, 0xf2, 0x0, 0x19, 0xef,
    0xfc, 0x60, 0x0, 0x0, 0x4e, 0x60, 0x0, 0x0,
    0x0, 0x14, 0xf3, 0x0, 0x0, 0x2, 0xde, 0xa0,
    0x0,

    /* U+04AB "ҫ" */
    0x1, 0x9e, 0xfd, 0x50, 0xde, 0x75, 0x94, 0x5f,
    0x40, 0x0, 0x8, 0xf0, 0x0, 0x0, 0x5f, 0x40,
    0x0, 0x0, 0xde, 0x75, 0x97, 0x1, 0x9f, 0xfc,
    0x50, 0x0, 0xca, 0x20, 0x0, 0x12, 0xab, 0x0,
    0x8, 0xed, 0x40,

    /* U+04AE "Ү" */
    0x9f, 0x30, 0x0, 0x7f, 0x41, 0xec, 0x0, 0x1f,
    0xa0, 0x6, 0xf6, 0xa, 0xf1, 0x0, 0xc, 0xe5,
    0xf7, 0x0, 0x0, 0x2f, 0xfd, 0x0, 0x0, 0x0,
    0x9f, 0x40, 0x0, 0x0, 0x7, 0xf2, 0x0, 0x0,
    0x0, 0x7f, 0x20, 0x0, 0x0, 0x7, 0xf2, 0x0,
    0x0, 0x0, 0x7f, 0x20, 0x0,

    /* U+04AF "ү" */
    0x9f, 0x10, 0xb, 0xe0, 0x3f, 0x60, 0x1f, 0x80,
    0xd, 0xc0, 0x6f, 0x20, 0x7, 0xf2, 0xcc, 0x0,
    0x1, 0xf9, 0xf6, 0x0, 0x0, 0xaf, 0xf1, 0x0,
    0x0, 0x4f, 0xa0, 0x0, 0x0, 0x1f, 0x70, 0x0,
    0x0, 0x1f, 0x70, 0x0, 0x0, 0x1f, 0x70, 0x0,

    /* U+04B0 "Ұ" */
    0x9f, 0x30, 0x0, 0x7f, 0x41, 0xfc, 0x0, 0x1e,
    0xb0, 0x6, 0xf5, 0x9, 0xf2, 0x0, 0xd, 0xd3,
    0xf8, 0x0, 0x0, 0x4f, 0xfe, 0x0, 0x0, 0xcf,
    0xff, 0xff, 0x70, 0x2, 0x28, 0xf4, 0x21, 0x0,
    0x0, 0x7f, 0x20, 0x0, 0x0, 0x7, 0xf2, 0x0,
    0x0, 0x0, 0x7f, 0x20, 0x0,

    /* U+04B1 "ұ" */
    0x9f, 0x10, 0xb, 0xe0, 0x3f, 0x60, 0x1f, 0x80,
    0xd, 0xc0, 0x6f, 0x20, 0x7, 0xf2, 0xcc, 0x0,
    0x1, 0xf9, 0xf6, 0x0, 0x0, 0xaf, 0xf0, 0x0,
    0x0, 0x4f, 0xa0, 0x0, 0xb, 0xff, 0xff, 0x10,
    0x0, 0x1f, 0x70, 0x0, 0x0, 0x1f, 0x70, 0x0,

    /* U+04B2 "Ҳ" */
    0x2f, 0xb0, 0x0, 0x3f, 0x90, 0x8, 0xf5, 0x0,
    0xde, 0x0, 0x0, 0xee, 0x8, 0xf5, 0x0, 0x0,
    0x5f, 0xbf, 0xa0, 0x0, 0x0, 0xb, 0xff, 0x10,
    0x0, 0x0, 0xd, 0xff, 0x20, 0x0, 0x0, 0x7f,
    0x8f, 0xb0, 0x0, 0x1, 0xfb, 0x7, 0xf6, 0x0,
    0xb, 0xf2, 0x0, 0xdf, 0x61, 0x5f, 0x80, 0x0,
    0x3f, 0xf4, 0x0, 0x0, 0x0, 0x3, 0xf4, 0x0,
    0x0, 0x0, 0x3, 0xf4, 0x0, 0x0, 0x0, 0x1,
    0x82,

    /* U+04B3 "ҳ" */
    0x5f, 0x90, 0x2f, 0xc0, 0xa, 0xf3, 0xbf, 0x20,
    0x1, 0xee, 0xf7, 0x0, 0x0, 0x7f, 0xf0, 0x0,
    0x1, 0xee, 0xf8, 0x0, 0xb, 0xf2, 0xaf, 0x51,
    0x6f, 0x60, 0x1e, 0xf6, 0x0, 0x0, 0x0, 0xf6,
    0x0, 0x0, 0x0, 0xf6,

    /* U+04B6 "Ҷ" */
    0x4f, 0x40, 0x0, 0x3f, 0x60, 0x4f, 0x40, 0x0,
    0x3f, 0x60, 0x4f, 0x40, 0x0, 0x3f, 0x60, 0x3f,
    0x60, 0x0, 0x3f, 0x60, 0xe, 0xe4, 0x22, 0x7f,
    0x60, 0x4, 0xef, 0xff, 0xff, 0x60, 0x0, 0x3,
    0x43, 0x3f, 0x60, 0x0, 0x0, 0x0, 0x3f, 0x60,
    0x0, 0x0, 0x0, 0x3f, 0xa6, 0x0, 0x0, 0x0,
    0x3f, 0xff, 0x0, 0x0, 0x0, 0x0, 0x8f, 0x0,
    0x0, 0x0, 0x0, 0x8f, 0x0, 0x0, 0x0, 0x0,
    0x47,

    /* U+04B7 "ҷ" */
    0x9f, 0x0, 0xd, 0xa0, 0x9, 0xf0, 0x0, 0xda,
    0x0, 0x7f, 0x60, 0x1e, 0xa0, 0x1, 0xdf, 0xff,
    0xfa, 0x0, 0x0, 0x23, 0x1d, 0xa0, 0x0, 0x0,
    0x0, 0xdc, 0x41, 0x0, 0x0, 0xd, 0xff, 0x70,
    0x0, 0x0, 0x0, 0xf7, 0x0, 0x0, 0x0, 0xf,
    0x70,

    /* U+04B8 "Ҹ" */
    0x4f, 0x40, 0x0, 0x3f, 0x64, 0xf4, 0x0, 0x3,
    0xf6, 0x4f, 0x40, 0x0, 0x3f, 0x63, 0xf6, 0xf,
    0x3, 0xf6, 0xe, 0xe4, 0xf2, 0x7f, 0x60, 0x4e,
    0xff, 0xff, 0xf6, 0x0, 0x3, 0xf3, 0x3f, 0x60,
    0x0, 0xe, 0x3, 0xf6, 0x0, 0x0, 0x0, 0x3f,
    0x60, 0x0, 0x0, 0x3, 0xf6,

    /* U+04B9 "ҹ" */
    0x9f, 0x0, 0xd, 0xa9, 0xf0, 0x70, 0xda, 0x7f,
    0x6e, 0x1e, 0xa1, 0xdf, 0xff, 0xfa, 0x0, 0x2e,
    0x1d, 0xa0, 0x0, 0x90, 0xda, 0x0, 0x0, 0xd,
    0xa0,

    /* U+04BA "Һ" */
    0xbd, 0x0, 0x0, 0x0, 0xbd, 0x0, 0x0, 0x0,
    0xbd, 0x0, 0x0, 0x0, 0xbd, 0x1, 0x10, 0x0,
    0xbf, 0xef, 0xff, 0x90, 0xbe, 0x75, 0x5a, 0xf8,
    0xbd, 0x0, 0x0, 0xdd, 0xbd, 0x0, 0x0, 0xae,
    0xbd, 0x0, 0x0, 0xaf, 0xbd, 0x0, 0x0, 0xaf,

    /* U+04BB "һ" */
    0xe9, 0x0, 0x0, 0xe, 0x90, 0x0, 0x0, 0xe9,
    0x0, 0x0, 0xe, 0xbb, 0xfe, 0x80, 0xef, 0xa6,
    0xcf, 0x5e, 0xc0, 0x0, 0xf9, 0xe9, 0x0, 0xe,
    0x9e, 0x90, 0x0, 0xe9, 0xe9, 0x0, 0xe, 0x9e,
    0x90, 0x0, 0xe9,

    /* U+04C0 "Ӏ" */
    0xbd, 0xbd, 0xbd, 0xbd, 0xbd, 0xbd, 0xbd, 0xbd,
    0xbd, 0xbd,

    /* U+04C1 "Ӂ" */
    0x0, 0x0, 0x8d, 0x0, 0xd7, 0x0, 0x0, 0x0,
    0x0, 0x1c, 0xff, 0xb0, 0x0, 0x0, 0x0, 0x0,
    0x0, 0x11, 0x0, 0x0, 0x0, 0xd, 0xe1, 0x0,
    0xdc, 0x0, 0x1e, 0xc0, 0x3, 0xfa, 0x0, 0xdc,
    0x0, 0xbf, 0x20, 0x0, 0x7f, 0x50, 0xdc, 0x6,
    0xf6, 0x0, 0x0, 0xc, 0xe2, 0xdc, 0x3f, 0xb0,
    0x0, 0x0, 0x3, 0xff, 0xff, 0xff, 0x10, 0x0,
    0x0, 0x9, 0xf5, 0xdd, 0x6f, 0x80, 0x0, 0x0,
    0x4f, 0x70, 0xdc, 0x9, 0xf3, 0x0, 0x1, 0xec,
    0x0, 0xdc, 0x0, 0xed, 0x0, 0xa, 0xf2, 0x0,
    0xdc, 0x0, 0x4f, 0x90, 0x5f, 0x70, 0x0, 0xdc,
    0x0, 0x9, 0xf4,

    /* U+04C2 "ӂ" */
    0x0, 0x8, 0x20, 0x18, 0x0, 0x0, 0x0, 0xd9,
    0x7, 0xe0, 0x0, 0x0, 0x3, 0xef, 0xe4, 0x0,
    0x0, 0x0, 0x0, 0x10, 0x0, 0x0, 0x2f, 0x80,
    0x3f, 0x50, 0x5f, 0x40, 0x9f, 0x13, 0xf5, 0xd,
    0xb0, 0x1, 0xf9, 0x3f, 0x57, 0xf2, 0x0, 0xa,
    0xff, 0xff, 0xfc, 0x0, 0x2, 0xf9, 0x6f, 0x78,
    0xf4, 0x0, 0xbe, 0x3, 0xf5, 0xd, 0xd0, 0x6f,
    0x50, 0x3f, 0x50, 0x4f, 0x80,

    /* U+04CB "Ӌ" */
    0x4f, 0x40, 0x0, 0x3f, 0x64, 0xf4, 0x0, 0x3,
    0xf6, 0x4f, 0x40, 0x0, 0x3f, 0x63, 0xf6, 0x0,
    0x3, 0xf6, 0xe, 0xe4, 0x22, 0x7f, 0x60, 0x4e,
    0xff, 0xff, 0xf6, 0x0, 0x3, 0x43, 0x3f, 0x60,
    0x0, 0x0, 0x3, 0xf6, 0x0, 0x0, 0x4, 0x8f,
    0x60, 0x0, 0x0, 0xcf, 0xf6, 0x0, 0x0, 0xc,
    0xb0, 0x0, 0x0, 0x0, 0xcb, 0x0, 0x0, 0x0,
    0x6, 0x50, 0x0,

    /* U+04CC "ӌ" */
    0x9f, 0x0, 0xd, 0xa9, 0xf0, 0x0, 0xda, 0x7f,
    0x60, 0x1e, 0xa1, 0xdf, 0xff, 0xfa, 0x0, 0x23,
    0x1d, 0xa0, 0x0, 0x0, 0xda, 0x0, 0x7, 0xff,
    0xa0, 0x0, 0x7e, 0x0, 0x0, 0x7, 0xe0, 0x0,

    /* U+04CF "ӏ" */
    0xe9, 0xe9, 0xe9, 0xe9, 0xe9, 0xe9, 0xe9, 0xe9,
    0xe9, 0xe9,

    /* U+04D0 "Ӑ" */
    0x0, 0xba, 0x2, 0xf4, 0x0, 0x0, 0x2d, 0xff,
    0x90, 0x0, 0x0, 0x0, 0x10, 0x0, 0x0, 0x0,
    0x3, 0xfd, 0x0, 0x0, 0x0, 0x9, 0xff, 0x30,
    0x0, 0x0, 0xf, 0x8e, 0xa0, 0x0, 0x0, 0x6f,
    0x18, 0xf1, 0x0, 0x0, 0xcb, 0x2, 0xf6, 0x0,
    0x2, 0xf5, 0x11, 0xbc, 0x0, 0x8, 0xff, 0xff,
    0xff, 0x30, 0xe, 0xb4, 0x44, 0x4f, 0x90, 0x4f,
    0x50, 0x0, 0xb, 0xf0, 0xaf, 0x0, 0x0, 0x5,
    0xf5,

    /* U+04D1 "ӑ" */
    0x9, 0x30, 0xa, 0x20, 0xba, 0x6, 0xf0, 0x2,
    0xdf, 0xf5, 0x0, 0x0, 0x10, 0x0, 0x8, 0xdf,
    0xe9, 0x0, 0x95, 0x47, 0xf8, 0x0, 0x2, 0x2d,
    0xb0, 0x9f, 0xdd, 0xfc, 0x5f, 0x20, 0xc, 0xc5,
    0xf6, 0x37, 0xfc, 0x9, 0xff, 0xab, 0xc0,

    /* U+04D2 "Ӓ" */
    0x0, 0x7c, 0x15, 0xc2, 0x0, 0x0, 0x8e, 0x16,
    0xf3, 0x0, 0x0, 0x0, 0x0, 0x0, 0x0, 0x0,
    0x3, 0xfd, 0x0, 0x0, 0x0, 0x9, 0xff, 0x30,
    0x0, 0x0, 0xf, 0x8e, 0xa0, 0x0, 0x0, 0x6f,
    0x18, 0xf1, 0x0, 0x0, 0xcb, 0x2, 0xf6, 0x0,
    0x2, 0xf5, 0x11, 0xbc, 0x0, 0x8, 0xff, 0xff,
    0xff, 0x30, 0xe, 0xb4, 0x44, 0x4f, 0x90, 0x4f,
    0x50, 0x0, 0xb, 0xf0, 0xaf, 0x0, 0x0, 0x5,
    0xf5,

    /* U+04D3 "ӓ" */
    0xa, 0xd0, 0x9e, 0x0, 0x8b, 0x7, 0xb0, 0x0,
    0x0, 0x0, 0x0, 0x8d, 0xfe, 0x90, 0x9, 0x54,
    0x7f, 0x80, 0x0, 0x22, 0xdb, 0x9, 0xfd, 0xdf,
    0xc5, 0xf2, 0x0, 0xcc, 0x5f, 0x63, 0x7f, 0xc0,
    0x9f, 0xfa, 0xbc,

    /* U+04D4 "Ӕ" */
    0x0, 0x0, 0xd, 0xff, 0xff, 0xff, 0x70, 0x0,
    0x5, 0xfd, 0xf5, 0x55, 0x52, 0x0, 0x0, 0xcd,
    0x9f, 0x0, 0x0, 0x0, 0x0, 0x4f, 0x69, 0xf0,
    0x0, 0x0, 0x0, 0xb, 0xf0, 0x9f, 0xff, 0xff,
    0x0, 0x3, 0xf9, 0x9, 0xf3, 0x33, 0x30, 0x0,
    0xaf, 0x30, 0x9f, 0x0, 0x0, 0x0, 0x2f, 0xff,
    0xff, 0xf0, 0x0, 0x0, 0x9, 0xf6, 0x33, 0xaf,
    0x66, 0x66, 0x31, 0xfa, 0x0, 0x9, 0xff, 0xff,
    0xf8,

    /* U+04D5 "ӕ" */
    0x8, 0xdf, 0xe8, 0x1a, 0xff, 0xa0, 0x0, 0xa6,
    0x47, 0xff, 0xc4, 0x5e, 0xa0, 0x0, 0x0, 0xc,
    0xf1, 0x0, 0x6f, 0x10, 0x5b, 0xee, 0xff, 0xff,
    0xff, 0xf2, 0x4f, 0x61, 0x1d, 0xf2, 0x22, 0x22,
    0x5, 0xf6, 0x38, 0xef, 0xa4, 0x37, 0x40, 0x9,
    0xff, 0xb2, 0x3b, 0xff, 0xc4, 0x0,

    /* U+04D6 "Ӗ" */
    0x2f, 0x40, 0x8d, 0x0, 0x7f, 0xfe, 0x40, 0x0,
    0x1, 0x0, 0xb, 0xff, 0xff, 0xf9, 0xbe, 0x55,
    0x55, 0x3b, 0xd0, 0x0, 0x0, 0xbd, 0x0, 0x0,
    0xb, 0xff, 0xff, 0xf0, 0xbe, 0x33, 0x33, 0xb,
    0xd0, 0x0, 0x0, 0xbd, 0x0, 0x0, 0xb, 0xe6,
    0x66, 0x63, 0xbf, 0xff, 0xff, 0xa0,

    /* U+04D7 "ӗ" */
    0x3, 0x60, 0x4, 0x50, 0x4, 0xf2, 0xd, 0x80,
    0x0, 0x9f, 0xfb, 0x0, 0x0, 0x0, 0x10, 0x0,
    0x1, 0xaf, 0xfb, 0x20, 0xd, 0xd4, 0x3b, 0xe1,
    0x6f, 0x20, 0x2, 0xf6, 0x8f, 0xff, 0xff, 0xf8,
    0x6f, 0x32, 0x22, 0x21, 0xe, 0xc5, 0x46, 0x70,
    0x1, 0xaf, 0xfd, 0x70,

    /* U+04D8 "Ә" */
    0x0, 0x5b, 0xff, 0xea, 0x20, 0x0, 0x6f, 0xc8,
    0x79, 0xff, 0x40, 0x0, 0x40, 0x0, 0x1, 0xde,
    0x0, 0x0, 0x0, 0x0, 0x5, 0xf5, 0x0, 0x0,
    0x0, 0x0, 0x2f, 0x85, 0xff, 0xff, 0xff, 0xff,
    0xf7, 0x3f, 0x83, 0x33, 0x33, 0x8f, 0x40, 0xed,
    0x0, 0x0, 0x1d, 0xd0, 0x4, 0xfd, 0x75, 0x7e,
    0xe3, 0x0, 0x2, 0xae, 0xfe, 0x91, 0x0,

    /* U+04D9 "ә" */
    0x7, 0xdf, 0xea, 0x20, 0x9, 0x74, 0x5d, 0xe1,
    0x0, 0x0, 0x1, 0xf6, 0x7f, 0xff, 0xff, 0xf8,
    0x6f, 0x32, 0x24, 0xf5, 0x1e, 0xb3, 0x4c, 0xd0,
    0x2, 0xbf, 0xfa, 0x10,

    /* U+04DC "Ӝ" */
    0x0, 0x0, 0x4c, 0x23, 0xc4, 0x0, 0x0, 0x0,
    0x0, 0x6f, 0x34, 0xf5, 0x0, 0x0, 0x0, 0x0,
    0x0, 0x0, 0x0, 0x0, 0x0, 0xd, 0xe1, 0x0,
    0xdc, 0x0, 0x1e, 0xc0, 0x3, 0xfa, 0x0, 0xdc,
    0x0, 0xbf, 0x20, 0x0, 0x7f, 0x50, 0xdc, 0x6,
    0xf6, 0x0, 0x0, 0xc, 0xe2, 0xdc, 0x3f, 0xb0,
    0x0, 0x0, 0x3, 0xff, 0xff, 0xff, 0x10, 0x0,
    0x0, 0x9, 0xf5, 0xdd, 0x6f, 0x80, 0x0, 0x0,
    0x4f, 0x70, 0xdc, 0x9, 0xf3, 0x0, 0x1, 0xec,
    0x0, 0xdc, 0x0, 0xed, 0x0, 0xa, 0xf2, 0x0,
    0xdc, 0x0, 0x4f, 0x90, 0x5f, 0x70, 0x0, 0xdc,
    0x0, 0x9, 0xf4,

    /* U+04DD "ӝ" */
    0x0, 0xb, 0xc0, 0xbd, 0x0, 0x0, 0x0, 0x9a,
    0x9, 0xb0, 0x0, 0x0, 0x0, 0x0, 0x0, 0x0,
    0x2, 0xf8, 0x3, 0xf5, 0x5, 0xf4, 0x9, 0xf1,
    0x3f, 0x50, 0xdb, 0x0, 0x1f, 0x93, 0xf5, 0x7f,
    0x20, 0x0, 0xaf, 0xff, 0xff, 0xc0, 0x0, 0x2f,
    0x96, 0xf7, 0x8f, 0x40, 0xb, 0xe0, 0x3f, 0x50,
    0xdd, 0x6, 0xf5, 0x3, 0xf5, 0x4, 0xf8,

    /* U+04DE "Ӟ" */
    0x4, 0xc3, 0x2c, 0x50, 0x5, 0xf4, 0x3f, 0x60,
    0x0, 0x0, 0x0, 0x0, 0x6, 0xcf, 0xfd, 0x50,
    0x1e, 0xa6, 0x7d, 0xf3, 0x0, 0x0, 0x2, 0xf6,
    0x0, 0x0, 0x18, 0xe1, 0x0, 0xdf, 0xff, 0x70,
    0x0, 0x23, 0x39, 0xf6, 0x0, 0x0, 0x0, 0xdc,
    0x2, 0x0, 0x0, 0xeb, 0x6f, 0x96, 0x7d, 0xf4,
    0x18, 0xdf, 0xfc, 0x40,

    /* U+04DF "ӟ" */
    0xd, 0xa0, 0xdb, 0x0, 0xb8, 0xb, 0x90, 0x0,
    0x0, 0x0, 0x1, 0x9e, 0xfe, 0x80, 0x1b, 0x53,
    0x8f, 0x40, 0x0, 0x4, 0xf3, 0x1, 0xff, 0xfa,
    0x0, 0x2, 0x25, 0xf8, 0x28, 0x43, 0x5f, 0x83,
    0xbe, 0xfe, 0x90,

    /* U+04E2 "Ӣ" */
    0x1, 0xee, 0xee, 0x90, 0x0, 0x1, 0x11, 0x11,
    0x0, 0xbd, 0x0, 0x0, 0x9f, 0x4b, 0xd0, 0x0,
    0x4f, 0xf4, 0xbd, 0x0, 0xe, 0xff, 0x4b, 0xd0,
    0x9, 0xf6, 0xf4, 0xbd, 0x4, 0xf6, 0x5f, 0x4b,
    0xd0, 0xdb, 0x5, 0xf4, 0xbd, 0x9f, 0x20, 0x5f,
    0x4b, 0xff, 0x60, 0x5, 0xf4, 0xbf, 0xc0, 0x0,
    0x5f, 0x4b, 0xf2, 0x0, 0x5, 0xf4,

    /* U+04E3 "ӣ" */
    0xe, 0xff, 0xfa, 0x0, 0x0, 0x0, 0x0, 0x0,
    0x0, 0x0, 0xe, 0x90, 0x2, 0xea, 0xe9, 0x0,
    0xdf, 0xae, 0x90, 0xae, 0xea, 0xe9, 0x7f, 0x3d,
    0xae, 0xcf, 0x60, 0xda, 0xef, 0x90, 0xd, 0xae,
    0xc0, 0x0, 0xda,

    /* U+04E4 "Ӥ" */
    0x1, 0xc6, 0xb, 0x80, 0x0, 0x2f, 0x81, 0xea,
    0x0, 0x0, 0x0, 0x0, 0x0, 0xb, 0xd0, 0x0,
    0x9, 0xf4, 0xbd, 0x0, 0x4, 0xff, 0x4b, 0xd0,
    0x0, 0xef, 0xf4, 0xbd, 0x0, 0x9f, 0x6f, 0x4b,
    0xd0, 0x4f, 0x65, 0xf4, 0xbd, 0xd, 0xb0, 0x5f,
    0x4b, 0xd9, 0xf2, 0x5, 0xf4, 0xbf, 0xf6, 0x0,
    0x5f, 0x4b, 0xfc, 0x0, 0x5, 0xf4, 0xbf, 0x20,
    0x0, 0x5f, 0x40,

    /* U+04E5 "ӥ" */
    0xe, 0x90, 0xda, 0x0, 0xb8, 0xb, 0x80, 0x0,
    0x0, 0x0, 0xe, 0x90, 0x2, 0xea, 0xe9, 0x0,
    0xdf, 0xae, 0x90, 0xae, 0xea, 0xe9, 0x7f, 0x3d,
    0xae, 0xcf, 0x60, 0xda, 0xef, 0x90, 0xd, 0xae,
    0xc0, 0x0, 0xda,

    /* U+04E6 "Ӧ" */
    0x0, 0x6, 0xc1, 0x5c, 0x20, 0x0, 0x0, 0x8e,
    0x16, 0xf3, 0x0, 0x0, 0x0, 0x0, 0x0, 0x0,
    0x0, 0x0, 0x7d, 0xff, 0xb4, 0x0, 0x1, 0xdf,
    0xb7, 0x8d, 0xf8, 0x0, 0xaf, 0x40, 0x0, 0xa,
    0xf4, 0x1f, 0x90, 0x0, 0x0, 0xe, 0xb4, 0xf5,
    0x0, 0x0, 0x0, 0xbe, 0x4f, 0x50, 0x0, 0x0,
    0xb, 0xe1, 0xf9, 0x0, 0x0, 0x0, 0xeb, 0xa,
    0xf4, 0x0, 0x0, 0xaf, 0x40, 0x1d, 0xfb, 0x78,
    0xdf, 0x80, 0x0, 0x7, 0xdf, 0xfb, 0x40, 0x0,

    /* U+04E7 "ӧ" */
    0x1, 0xe7, 0x1e, 0x80, 0x1, 0xc6, 0x1c, 0x60,
    0x0, 0x0, 0x0, 0x0, 0x1, 0x9e, 0xfc, 0x40,
    0xc, 0xe7, 0x6b, 0xf4, 0x5f, 0x40, 0x0, 0xcd,
    0x8f, 0x0, 0x0, 0x9f, 0x5f, 0x40, 0x0, 0xcd,
    0xd, 0xe7, 0x5b, 0xf4, 0x1, 0x9e, 0xfc, 0x40,

    /* U+04E8 "Ө" */
    0x0, 0x7, 0xdf, 0xfb, 0x40, 0x0, 0x1d, 0xfb,
    0x78, 0xdf, 0x80, 0xa, 0xf4, 0x0, 0x0, 0xaf,
    0x41, 0xfa, 0x0, 0x0, 0x0, 0xeb, 0x4f, 0xff,
    0xff, 0xff, 0xff, 0xe4, 0xf7, 0x33, 0x33, 0x33,
    0xce, 0x1f, 0x90, 0x0, 0x0, 0xe, 0xb0, 0xaf,
    0x40, 0x0, 0xa, 0xf4, 0x1, 0xdf, 0xb7, 0x8d,
    0xf8, 0x0, 0x0, 0x7d, 0xff, 0xb4, 0x0,

    /* U+04E9 "ө" */
    0x1, 0x9e, 0xfc, 0x40, 0xc, 0xd5, 0x49, 0xf4,
    0x5f, 0x20, 0x0, 0xad, 0x8f, 0xff, 0xff, 0xff,
    0x5f, 0x42, 0x22, 0xbd, 0xd, 0xd5, 0x39, 0xf4,
    0x1, 0x9e, 0xfc, 0x40,

    /* U+04EE "Ӯ" */
    0x0, 0x6e, 0xee, 0xe3, 0x0, 0x0, 0x11, 0x11,
    0x0, 0x0, 0x0, 0x0, 0x0, 0x2, 0xfc, 0x0,
    0x2, 0xfb, 0x9, 0xf5, 0x0, 0x9f, 0x20, 0x1e,
    0xd0, 0x2f, 0xa0, 0x0, 0x7f, 0x69, 0xf2, 0x0,
    0x0, 0xde, 0xf9, 0x0, 0x0, 0x4, 0xff, 0x10,
    0x0, 0x0, 0x4f, 0x80, 0x0, 0x0, 0x5f, 0xd0,
    0x0, 0x0, 0xdf, 0xd2, 0x0, 0x0, 0x7, 0x70,
    0x0, 0x0, 0x0,

    /* U+04EF "ӯ" */
    0x9, 0xff, 0xff, 0x0, 0x0, 0x0, 0x0, 0x0,
    0x0, 0x0, 0x0, 0x0, 0x9f, 0x10, 0x7, 0xf2,
    0x3f, 0x60, 0xd, 0xb0, 0xd, 0xc0, 0x3f, 0x50,
    0x6, 0xf2, 0x8f, 0x0, 0x1, 0xf8, 0xe9, 0x0,
    0x0, 0xaf, 0xf3, 0x0, 0x0, 0x4f, 0xd0, 0x0,
    0x0, 0x3f, 0x70, 0x0, 0x46, 0xdf, 0x10, 0x0,
    0x9f, 0xd4, 0x0, 0x0,

    /* U+04F0 "Ӱ" */
    0x0, 0x7f, 0x35, 0xf4, 0x0, 0x5, 0xc2, 0x4c,
    0x30, 0x0, 0x0, 0x0, 0x0, 0x2, 0xfc, 0x0,
    0x2, 0xfb, 0x9, 0xf5, 0x0, 0x9f, 0x20, 0x1e,
    0xd0, 0x2f, 0xa0, 0x0, 0x7f, 0x69, 0xf2, 0x0,
    0x0, 0xde, 0xf9, 0x0, 0x0, 0x4, 0xff, 0x10,
    0x0, 0x0, 0x4f, 0x80, 0x0, 0x0, 0x5f, 0xd0,
    0x0, 0x0, 0xdf, 0xd2, 0x0, 0x0, 0x7, 0x70,
    0x0, 0x0, 0x0,

    /* U+04F1 "ӱ" */
    0x8, 0xe1, 0x8e, 0x10, 0x7, 0xc0, 0x6c, 0x10,
    0x0, 0x0, 0x0, 0x0, 0x9f, 0x10, 0x7, 0xf2,
    0x3f, 0x60, 0xd, 0xb0, 0xd, 0xc0, 0x3f, 0x50,
    0x6, 0xf2, 0x8f, 0x0, 0x1, 0xf8, 0xe9, 0x0,
    0x0, 0xaf, 0xf3, 0x0, 0x0, 0x4f, 0xd0, 0x0,
    0x0, 0x3f, 0x70, 0x0, 0x46, 0xdf, 0x10, 0x0,
    0x9f, 0xd4, 0x0, 0x0,

    /* U+04F2 "Ӳ" */
    0x0, 0x0, 0x42, 0x4, 0x20, 0x0, 0x7f, 0x27,
    0xf2, 0x0, 0x1f, 0x61, 0xf6, 0x0, 0x0, 0x0,
    0x0, 0x0, 0x2f, 0xc0, 0x0, 0x2f, 0xb0, 0x9f,
    0x50, 0x9, 0xf2, 0x1, 0xed, 0x2, 0xfa, 0x0,
    0x7, 0xf6, 0x9f, 0x20, 0x0, 0xd, 0xef, 0x90,
    0x0, 0x0, 0x4f, 0xf1, 0x0, 0x0, 0x4, 0xf8,
    0x0, 0x0, 0x5, 0xfd, 0x0, 0x0, 0xd, 0xfd,
    0x20, 0x0, 0x0, 0x77, 0x0, 0x0, 0x0,

    /* U+04F3 "ӳ" */
    0x0, 0x16, 0x12, 0x60, 0x0, 0x9c, 0xc, 0xa0,
    0x2, 0xf3, 0x4f, 0x10, 0x0, 0x0, 0x0, 0x0,
    0x9f, 0x10, 0x7, 0xf2, 0x3f, 0x60, 0xd, 0xb0,
    0xd, 0xc0, 0x3f, 0x50, 0x6, 0xf2, 0x8f, 0x0,
    0x1, 0xf8, 0xe9, 0x0, 0x0, 0xaf, 0xf3, 0x0,
    0x0, 0x4f, 0xd0, 0x0, 0x0, 0x3f, 0x70, 0x0,
    0x46, 0xdf, 0x10, 0x0, 0x9f, 0xd4, 0x0, 0x0,

    /* U+04F4 "Ӵ" */
    0x0, 0xa9, 0x8, 0xb0, 0x0, 0xd, 0xc0, 0xbd,
    0x0, 0x0, 0x0, 0x0, 0x0, 0x4, 0xf4, 0x0,
    0x3, 0xf6, 0x4f, 0x40, 0x0, 0x3f, 0x64, 0xf4,
    0x0, 0x3, 0xf6, 0x3f, 0x60, 0x0, 0x3f, 0x60,
    0xee, 0x42, 0x27, 0xf6, 0x4, 0xef, 0xff, 0xff,
    0x60, 0x0, 0x34, 0x33, 0xf6, 0x0, 0x0, 0x0,
    0x3f, 0x60, 0x0, 0x0, 0x3, 0xf6, 0x0, 0x0,
    0x0, 0x3f, 0x60,

    /* U+04F5 "ӵ" */
    0xb, 0xc0, 0xbd, 0x0, 0x9a, 0x9, 0xb0, 0x0,
    0x0, 0x0, 0x9, 0xf0, 0x0, 0xda, 0x9f, 0x0,
    0xd, 0xa7, 0xf6, 0x1, 0xea, 0x1d, 0xff, 0xff,
    0xa0, 0x2, 0x31, 0xda, 0x0, 0x0, 0xd, 0xa0,
    0x0, 0x0, 0xda,

    /* U+04F6 "Ӷ" */
    0xbf, 0xff, 0xfd, 0xbe, 0x66, 0x65, 0xbd, 0x0,
    0x0, 0xbd, 0x0, 0x0, 0xbd, 0x0, 0x0, 0xbd,
    0x0, 0x0, 0xbd, 0x0, 0x0, 0xbd, 0x0, 0x0,
    0xbe, 0x62, 0x0, 0xbf, 0xf6, 0x0, 0x1, 0xf6,
    0x0, 0x1, 0xf6, 0x0, 0x0, 0x83, 0x0,

    /* U+04F7 "ӷ" */
    0xef, 0xff, 0xae, 0xb4, 0x42, 0xe9, 0x0, 0xe,
    0x90, 0x0, 0xe9, 0x0, 0xe, 0xb4, 0x10, 0xef,
    0xf6, 0x0, 0xf, 0x60, 0x0, 0xf6, 0x0,

    /* U+04F8 "Ӹ" */
    0x0, 0x1c, 0x60, 0xc7, 0x0, 0x0, 0x2, 0xf7,
    0x1e, 0x90, 0x0, 0x0, 0x0, 0x0, 0x0, 0x0,
    0xb, 0xd0, 0x0, 0x0, 0x5, 0xf4, 0xbd, 0x0,
    0x0, 0x0, 0x5f, 0x4b, 0xd0, 0x0, 0x0, 0x5,
    0xf4, 0xbd, 0x11, 0x0, 0x0, 0x5f, 0x4b, 0xff,
    0xff, 0xb2, 0x5, 0xf4, 0xbe, 0x44, 0x6e, 0xe0,
    0x5f, 0x4b, 0xd0, 0x0, 0x5f, 0x45, 0xf4, 0xbd,
    0x0, 0x5, 0xf4, 0x5f, 0x4b, 0xe5, 0x56, 0xee,
    0x5, 0xf4, 0xbf, 0xff, 0xeb, 0x20, 0x5f, 0x40,

    /* U+04F9 "ӹ" */
    0x0, 0xdb, 0xd, 0xb0, 0x0, 0xb, 0x90, 0xa9,
    0x0, 0x0, 0x0, 0x0, 0x0, 0xe, 0x90, 0x0,
    0x0, 0xea, 0xe9, 0x0, 0x0, 0xe, 0xae, 0xff,
    0xfb, 0x20, 0xea, 0xea, 0x24, 0xec, 0xe, 0xae,
    0x90, 0xa, 0xf0, 0xea, 0xea, 0x24, 0xec, 0xe,
    0xae, 0xff, 0xfb, 0x20, 0xea
};


/*---------------------
 *  GLYPH DESCRIPTION
 *--------------------*/

static const lv_font_fmt_txt_glyph_dsc_t glyph_dsc[] = {
    {.bitmap_index = 0, .adv_w = 0, .box_w = 0, .box_h = 0, .ofs_x = 0, .ofs_y = 0} /* id = 0 reserved */,
    {.bitmap_index = 0, .adv_w = 55, .box_w = 0, .box_h = 0, .ofs_x = 0, .ofs_y = 0},
    {.bitmap_index = 0, .adv_w = 72, .box_w = 3, .box_h = 10, .ofs_x = 1, .ofs_y = 0},
    {.bitmap_index = 15, .adv_w = 91, .box_w = 5, .box_h = 4, .ofs_x = 0, .ofs_y = 6},
    {.bitmap_index = 25, .adv_w = 142, .box_w = 9, .box_h = 10, .ofs_x = 0, .ofs_y = 0},
    {.bitmap_index = 70, .adv_w = 145, .box_w = 8, .box_h = 12, .ofs_x = 1, .ofs_y = -1},
    {.bitmap_index = 118, .adv_w = 231, .box_w = 14, .box_h = 12, .ofs_x = 0, .ofs_y = -1},
    {.bitmap_index = 202, .adv_w = 168, .box_w = 10, .box_h = 10, .ofs_x = 0, .ofs_y = 0},
    {.bitmap_index = 252, .adv_w = 51, .box_w = 3, .box_h = 4, .ofs_x = 0, .ofs_y = 6},
    {.bitmap_index = 258, .adv_w = 77, .box_w = 4, .box_h = 14, .ofs_x = 1, .ofs_y = -2},
    {.bitmap_index = 286, .adv_w = 77, .box_w = 4, .box_h = 14, .ofs_x = 0, .ofs_y = -2},
    {.bitmap_index = 314, .adv_w = 123, .box_w = 7, .box_h = 6, .ofs_x = 0, .ofs_y = 4},
    {.bitmap_index = 335, .adv_w = 145, .box_w = 9, .box_h = 7, .ofs_x = 0, .ofs_y = 1},
    {.bitmap_index = 367, .adv_w = 60, .box_w = 4, .box_h = 4, .ofs_x = 0, .ofs_y = -2},
    {.bitmap_index = 375, .adv_w = 87, .box_w = 5, .box_h = 3, .ofs_x = 0, .ofs_y = 2},
    {.bitmap_index = 383, .adv_w = 60, .box_w = 3, .box_h = 3, .ofs_x = 0, .ofs_y = 0},
    {.bitmap_index = 388, .adv_w = 102, .box_w = 7, .box_h = 14, .ofs_x = 0, .ofs_y = -2},
    {.bitmap_index = 437, .adv_w = 152, .box_w = 9, .box_h = 10, .ofs_x = 0, .ofs_y = 0},
    {.bitmap_index = 482, .adv_w = 97, .box_w = 5, .box_h = 10, .ofs_x = 0, .ofs_y = 0},
    {.bitmap_index = 507, .adv_w = 132, .box_w = 8, .box_h = 10, .ofs_x = 0, .ofs_y = 0},
    {.bitmap_index = 547, .adv_w = 130, .box_w = 8, .box_h = 10, .ofs_x = 0, .ofs_y = 0},
    {.bitmap_index = 587, .adv_w = 135, .box_w = 8, .box_h = 10, .ofs_x = 0, .ofs_y = 0},
    {.bitmap_index = 627, .adv_w = 131, .box_w = 8, .box_h = 10, .ofs_x = 0, .ofs_y = 0},
    {.bitmap_index = 667, .adv_w = 144, .box_w = 9, .box_h = 10, .ofs_x = 0, .ofs_y = 0},
    {.bitmap_index = 712, .adv_w = 124, .box_w = 8, .box_h = 10, .ofs_x = 0, .ofs_y = 0},
    {.bitmap_index = 752, .adv_w = 137, .box_w = 8, .box_h = 10, .ofs_x = 0, .ofs_y = 0},
    {.bitmap_index = 792, .adv_w = 141, .box_w = 8, .box_h = 11, .ofs_x = 0, .ofs_y = -1},
    {.bitmap_index = 836, .adv_w = 66, .box_w = 4, .box_h = 7, .ofs_x = 0, .ofs_y = 0},
    {.bitmap_index = 850, .adv_w = 66, .box_w = 4, .box_h = 9, .ofs_x = 0, .ofs_y = -2},
    {.bitmap_index = 868, .adv_w = 145, .box_w = 9, .box_h = 7, .ofs_x = 0, .ofs_y = 1},
    {.bitmap_index = 900, .adv_w = 145, .box_w = 9, .box_h = 5, .ofs_x = 0, .ofs_y = 2},
    {.bitmap_index = 923, .adv_w = 145, .box_w = 9, .box_h = 7, .ofs_x = 0, .ofs_y = 1},
    {.bitmap_index = 955, .adv_w = 111, .box_w = 7, .box_h = 10, .ofs_x = 0, .ofs_y = 0},
    {.bitmap_index = 990, .adv_w = 192, .box_w = 12, .box_h = 10, .ofs_x = 0, .ofs_y = -2},
    {.bitmap_index = 1050, .adv_w = 155, .box_w = 10, .box_h = 10, .ofs_x = 0, .ofs_y = 0},
    {.bitmap_index = 1100, .adv_w = 142, .box_w = 8, .box_h = 10, .ofs_x = 1, .ofs_y = 0},
    {.bitmap_index = 1140, .adv_w = 156, .box_w = 10, .box_h = 10, .ofs_x = 0, .ofs_y = 0},
    {.bitmap_index = 1190, .adv_w = 160, .box_w = 9, .box_h = 10, .ofs_x = 1, .ofs_y = 0},
    {.bitmap_index = 1235, .adv_w = 137, .box_w = 7, .box_h = 10, .ofs_x = 1, .ofs_y = 0},
    {.bitmap_index = 1270, .adv_w = 130, .box_w = 7, .box_h = 10, .ofs_x = 1, .ofs_y = 0},
    {.bitmap_index = 1305, .adv_w = 168, .box_w = 10, .box_h = 10, .ofs_x = 0, .ofs_y = 0},
    {.bitmap_index = 1355, .adv_w = 167, .box_w = 9, .box_h = 10, .ofs_x = 1, .ofs_y = 0},
    {.bitmap_index = 1400, .adv_w = 66, .box_w = 2, .box_h = 10, .ofs_x = 1, .ofs_y = 0},
    {.bitmap_index = 1410, .adv_w = 112, .box_w = 6, .box_h = 10, .ofs_x = 0, .ofs_y = 0},
    {.bitmap_index = 1440, .adv_w = 156, .box_w = 9, .box_h = 10, .ofs_x = 1, .ofs_y = 0},
    {.bitmap_index = 1485, .adv_w = 122, .box_w = 7, .box_h = 10, .ofs_x = 1, .ofs_y = 0},
    {.bitmap_index = 1520, .adv_w = 205, .box_w = 11, .box_h = 10, .ofs_x = 1, .ofs_y = 0},
    {.bitmap_index = 1575, .adv_w = 168, .box_w = 9, .box_h = 10, .ofs_x = 1, .ofs_y = 0},
    {.bitmap_index = 1620, .adv_w = 186, .box_w = 11, .box_h = 10, .ofs_x = 0, .ofs_y = 0},
    {.bitmap_index = 1675, .adv_w = 142, .box_w = 8, .box_h = 10, .ofs_x = 1, .ofs_y = 0},
    {.bitmap_index = 1715, .adv_w = 186, .box_w = 11, .box_h = 11, .ofs_x = 0, .ofs_y = -1},
    {.bitmap_index = 1776, .adv_w = 149, .box_w = 8, .box_h = 10, .ofs_x = 1, .ofs_y = 0},
    {.bitmap_index = 1816, .adv_w = 141, .box_w = 9, .box_h = 10, .ofs_x = 0, .ofs_y = 0},
    {.bitmap_index = 1861, .adv_w = 125, .box_w = 8, .box_h = 10, .ofs_x = 0, .ofs_y = 0},
    {.bitmap_index = 1901, .adv_w = 166, .box_w = 9, .box_h = 10, .ofs_x = 1, .ofs_y = 0},
    {.bitmap_index = 1946, .adv_w = 148, .box_w = 10, .box_h = 10, .ofs_x = 0, .ofs_y = 0},
    {.bitmap_index = 1996, .adv_w = 228, .box_w = 14, .box_h = 10, .ofs_x = 0, .ofs_y = 0},
    {.bitmap_index = 2066, .adv_w = 150, .box_w = 9, .box_h = 10, .ofs_x = 0, .ofs_y = 0},
    {.bitmap_index = 2111, .adv_w = 139, .box_w = 9, .box_h = 10, .ofs_x = 0, .ofs_y = 0},
    {.bitmap_index = 2156, .adv_w = 131, .box_w = 8, .box_h = 10, .ofs_x = 0, .ofs_y = 0},
    {.bitmap_index = 2196, .adv_w = 77, .box_w = 4, .box_h = 13, .ofs_x = 1, .ofs_y = -2},
    {.bitmap_index = 2222, .adv_w = 102, .box_w = 7, .box_h = 14, .ofs_x = 0, .ofs_y = -2},
    {.bitmap_index = 2271, .adv_w = 77, .box_w = 4, .box_h = 13, .ofs_x = 0, .ofs_y = -2},
    {.bitmap_index = 2297, .adv_w = 145, .box_w = 7, .box_h = 4, .ofs_x = 1, .ofs_y = 6},
    {.bitmap_index = 2311, .adv_w = 122, .box_w = 8, .box_h = 3, .ofs_x = 0, .ofs_y = -3},
    {.bitmap_index = 2323, .adv_w = 112, .box_w = 3, .box_h = 3, .ofs_x = 1, .ofs_y = 8},
    {.bitmap_index = 2328, .adv_w = 124, .box_w = 7, .box_h = 7, .ofs_x = 0, .ofs_y = 0},
    {.bitmap_index = 2353, .adv_w = 145, .box_w = 8, .box_h = 10, .ofs_x = 1, .ofs_y = 0},
    {.bitmap_index = 2393, .adv_w = 115, .box_w = 7, .box_h = 7, .ofs_x = 0, .ofs_y = 0},
    {.bitmap_index = 2418, .adv_w = 145, .box_w = 8, .box_h = 10, .ofs_x = 0, .ofs_y = 0},
    {.bitmap_index = 2458, .adv_w = 128, .box_w = 8, .box_h = 7, .ofs_x = 0, .ofs_y = 0},
    {.bitmap_index = 2486, .adv_w = 87, .box_w = 6, .box_h = 10, .ofs_x = 0, .ofs_y = 0},
    {.bitmap_index = 2516, .adv_w = 134, .box_w = 9, .box_h = 10, .ofs_x = 0, .ofs_y = -3},
    {.bitmap_index = 2561, .adv_w = 138, .box_w = 7, .box_h = 10, .ofs_x = 1, .ofs_y = 0},
    {.bitmap_index = 2596, .adv_w = 59, .box_w = 3, .box_h = 10, .ofs_x = 0, .ofs_y = 0},
    {.bitmap_index = 2611, .adv_w = 59, .box_w = 4, .box_h = 13, .ofs_x = -1, .ofs_y = -3},
    {.bitmap_index = 2637, .adv_w = 125, .box_w = 7, .box_h = 10, .ofs_x = 1, .ofs_y = 0},
    {.bitmap_index = 2672, .adv_w = 59, .box_w = 2, .box_h = 10, .ofs_x = 1, .ofs_y = 0},
    {.bitmap_index = 2682, .adv_w = 212, .box_w = 12, .box_h = 7, .ofs_x = 1, .ofs_y = 0},
    {.bitmap_index = 2724, .adv_w = 138, .box_w = 7, .box_h = 7, .ofs_x = 1, .ofs_y = 0},
    {.bitmap_index = 2749, .adv_w = 135, .box_w = 8, .box_h = 7, .ofs_x = 0, .ofs_y = 0},
    {.bitmap_index = 2777, .adv_w = 145, .box_w = 8, .box_h = 10, .ofs_x = 1, .ofs_y = -3},
    {.bitmap_index = 2817, .adv_w = 145, .box_w = 8, .box_h = 10, .ofs_x = 0, .ofs_y = -3},
    {.bitmap_index = 2857, .adv_w = 92, .box_w = 5, .box_h = 8, .ofs_x = 1, .ofs_y = 0},
    {.bitmap_index = 2877, .adv_w = 111, .box_w = 7, .box_h = 7, .ofs_x = 0, .ofs_y = 0},
    {.bitmap_index = 2902, .adv_w = 96, .box_w = 6, .box_h = 9, .ofs_x = 0, .ofs_y = 0},
    {.bitmap_index = 2929, .adv_w = 135, .box_w = 7, .box_h = 7, .ofs_x = 1, .ofs_y = 0},
    {.bitmap_index = 2954, .adv_w = 117, .box_w = 8, .box_h = 7, .ofs_x = 0, .ofs_y = 0},
    {.bitmap_index = 2982, .adv_w = 177, .box_w = 11, .box_h = 7, .ofs_x = 0, .ofs_y = 0},
    {.bitmap_index = 3021, .adv_w = 120, .box_w = 8, .box_h = 7, .ofs_x = 0, .ofs_y = 0},
    {.bitmap_index = 3049, .adv_w = 119, .box_w = 8, .box_h = 10, .ofs_x = 0, .ofs_y = -3},
    {.bitmap_index = 3089, .adv_w = 109, .box_w = 7, .box_h = 7, .ofs_x = 0, .ofs_y = 0},
    {.bitmap_index = 3114, .adv_w = 77, .box_w = 5, .box_h = 14, .ofs_x = 0, .ofs_y = -3},
    {.bitmap_index = 3149, .adv_w = 65, .box_w = 2, .box_h = 13, .ofs_x = 1, .ofs_y = -2},
    {.bitmap_index = 3162, .adv_w = 77, .box_w = 5, .box_h = 14, .ofs_x = 0, .ofs_y = -3},
    {.bitmap_index = 3197, .adv_w = 145, .box_w = 9, .box_h = 3, .ofs_x = 0, .ofs_y = 3},
    {.bitmap_index = 3211, .adv_w = 137, .box_w = 7, .box_h = 13, .ofs_x = 1, .ofs_y = 0},
    {.bitmap_index = 3257, .adv_w = 137, .box_w = 7, .box_h = 13, .ofs_x = 1, .ofs_y = 0},
    {.bitmap_index = 3303, .adv_w = 179, .box_w = 11, .box_h = 13, .ofs_x = 0, .ofs_y = -3},
    {.bitmap_index = 3375, .adv_w = 115, .box_w = 6, .box_h = 13, .ofs_x = 1, .ofs_y = 0},
    {.bitmap_index = 3414, .adv_w = 156, .box_w = 10, .box_h = 10, .ofs_x = 0, .ofs_y = 0},
    {.bitmap_index = 3464, .adv_w = 141, .box_w = 9, .box_h = 10, .ofs_x = 0, .ofs_y = 0},
    {.bitmap_index = 3509, .adv_w = 66, .box_w = 2, .box_h = 10, .ofs_x = 1, .ofs_y = 0},
    {.bitmap_index = 3519, .adv_w = 66, .box_w = 6, .box_h = 13, .ofs_x = -1, .ofs_y = 0},
    {.bitmap_index = 3558, .adv_w = 112, .box_w = 6, .box_h = 10, .ofs_x = 0, .ofs_y = 0},
    {.bitmap_index = 3588, .adv_w = 239, .box_w = 15, .box_h = 11, .ofs_x = 0, .ofs_y = -1},
    {.bitmap_index = 3671, .adv_w = 238, .box_w = 14, .box_h = 10, .ofs_x = 1, .ofs_y = 0},
    {.bitmap_index = 3741, .adv_w = 184, .box_w = 11, .box_h = 10, .ofs_x = 0, .ofs_y = 0},
    {.bitmap_index = 3796, .adv_w = 156, .box_w = 9, .box_h = 13, .ofs_x = 1, .ofs_y = 0},
    {.bitmap_index = 3855, .adv_w = 168, .box_w = 9, .box_h = 13, .ofs_x = 1, .ofs_y = 0},
    {.bitmap_index = 3914, .adv_w = 143, .box_w = 9, .box_h = 14, .ofs_x = 0, .ofs_y = 0},
    {.bitmap_index = 3977, .adv_w = 165, .box_w = 9, .box_h = 13, .ofs_x = 1, .ofs_y = -3},
    {.bitmap_index = 4036, .adv_w = 155, .box_w = 10, .box_h = 10, .ofs_x = 0, .ofs_y = 0},
    {.bitmap_index = 4086, .adv_w = 142, .box_w = 8, .box_h = 10, .ofs_x = 1, .ofs_y = 0},
    {.bitmap_index = 4126, .adv_w = 142, .box_w = 8, .box_h = 10, .ofs_x = 1, .ofs_y = 0},
    {.bitmap_index = 4166, .adv_w = 115, .box_w = 6, .box_h = 10, .ofs_x = 1, .ofs_y = 0},
    {.bitmap_index = 4196, .adv_w = 179, .box_w = 11, .box_h = 13, .ofs_x = 0, .ofs_y = -3},
    {.bitmap_index = 4268, .adv_w = 137, .box_w = 7, .box_h = 10, .ofs_x = 1, .ofs_y = 0},
    {.bitmap_index = 4303, .adv_w = 223, .box_w = 14, .box_h = 10, .ofs_x = 0, .ofs_y = 0},
    {.bitmap_index = 4373, .adv_w = 137, .box_w = 8, .box_h = 10, .ofs_x = 0, .ofs_y = 0},
    {.bitmap_index = 4413, .adv_w = 168, .box_w = 9, .box_h = 10, .ofs_x = 1, .ofs_y = 0},
    {.bitmap_index = 4458, .adv_w = 168, .box_w = 9, .box_h = 13, .ofs_x = 1, .ofs_y = 0},
    {.bitmap_index = 4517, .adv_w = 156, .box_w = 9, .box_h = 10, .ofs_x = 1, .ofs_y = 0},
    {.bitmap_index = 4562, .adv_w = 167, .box_w = 10, .box_h = 11, .ofs_x = 0, .ofs_y = -1},
    {.bitmap_index = 4617, .adv_w = 205, .box_w = 11, .box_h = 10, .ofs_x = 1, .ofs_y = 0},
    {.bitmap_index = 4672, .adv_w = 167, .box_w = 9, .box_h = 10, .ofs_x = 1, .ofs_y = 0},
    {.bitmap_index = 4717, .adv_w = 186, .box_w = 11, .box_h = 10, .ofs_x = 0, .ofs_y = 0},
    {.bitmap_index = 4772, .adv_w = 167, .box_w = 9, .box_h = 10, .ofs_x = 1, .ofs_y = 0},
    {.bitmap_index = 4817, .adv_w = 142, .box_w = 8, .box_h = 10, .ofs_x = 1, .ofs_y = 0},
    {.bitmap_index = 4857, .adv_w = 156, .box_w = 10, .box_h = 10, .ofs_x = 0, .ofs_y = 0},
    {.bitmap_index = 4907, .adv_w = 125, .box_w = 8, .box_h = 10, .ofs_x = 0, .ofs_y = 0},
    {.bitmap_index = 4947, .adv_w = 143, .box_w = 9, .box_h = 10, .ofs_x = 0, .ofs_y = 0},
    {.bitmap_index = 4992, .adv_w = 191, .box_w = 12, .box_h = 11, .ofs_x = 0, .ofs_y = 0},
    {.bitmap_index = 5058, .adv_w = 150, .box_w = 9, .box_h = 10, .ofs_x = 0, .ofs_y = 0},
    {.bitmap_index = 5103, .adv_w = 175, .box_w = 10, .box_h = 13, .ofs_x = 1, .ofs_y = -3},
    {.bitmap_index = 5168, .adv_w = 154, .box_w = 9, .box_h = 10, .ofs_x = 0, .ofs_y = 0},
    {.bitmap_index = 5213, .adv_w = 244, .box_w = 13, .box_h = 10, .ofs_x = 1, .ofs_y = 0},
    {.bitmap_index = 5278, .adv_w = 255, .box_w = 15, .box_h = 13, .ofs_x = 1, .ofs_y = -3},
    {.bitmap_index = 5376, .adv_w = 172, .box_w = 11, .box_h = 10, .ofs_x = 0, .ofs_y = 0},
    {.bitmap_index = 5431, .adv_w = 201, .box_w = 11, .box_h = 10, .ofs_x = 1, .ofs_y = 0},
    {.bitmap_index = 5486, .adv_w = 142, .box_w = 8, .box_h = 10, .ofs_x = 1, .ofs_y = 0},
    {.bitmap_index = 5526, .adv_w = 156, .box_w = 10, .box_h = 10, .ofs_x = 0, .ofs_y = 0},
    {.bitmap_index = 5576, .adv_w = 255, .box_w = 15, .box_h = 10, .ofs_x = 1, .ofs_y = 0},
    {.bitmap_index = 5651, .adv_w = 149, .box_w = 9, .box_h = 10, .ofs_x = 0, .ofs_y = 0},
    {.bitmap_index = 5696, .adv_w = 124, .box_w = 7, .box_h = 7, .ofs_x = 0, .ofs_y = 0},
    {.bitmap_index = 5721, .adv_w = 138, .box_w = 9, .box_h = 11, .ofs_x = 0, .ofs_y = 0},
    {.bitmap_index = 5771, .adv_w = 127, .box_w = 7, .box_h = 7, .ofs_x = 1, .ofs_y = 0},
    {.bitmap_index = 5796, .adv_w = 96, .box_w = 5, .box_h = 7, .ofs_x = 1, .ofs_y = 0},
    {.bitmap_index = 5814, .adv_w = 149, .box_w = 10, .box_h = 9, .ofs_x = 0, .ofs_y = -2},
    {.bitmap_index = 5859, .adv_w = 128, .box_w = 8, .box_h = 7, .ofs_x = 0, .ofs_y = 0},
    {.bitmap_index = 5887, .adv_w = 178, .box_w = 11, .box_h = 7, .ofs_x = 0, .ofs_y = 0},
    {.bitmap_index = 5926, .adv_w = 116, .box_w = 7, .box_h = 7, .ofs_x = 0, .ofs_y = 0},
    {.bitmap_index = 5951, .adv_w = 140, .box_w = 7, .box_h = 7, .ofs_x = 1, .ofs_y = 0},
    {.bitmap_index = 5976, .adv_w = 140, .box_w = 7, .box_h = 11, .ofs_x = 1, .ofs_y = 0},
    {.bitmap_index = 6015, .adv_w = 125, .box_w = 7, .box_h = 7, .ofs_x = 1, .ofs_y = 0},
    {.bitmap_index = 6040, .adv_w = 137, .box_w = 8, .box_h = 8, .ofs_x = 0, .ofs_y = -1},
    {.bitmap_index = 6072, .adv_w = 165, .box_w = 9, .box_h = 7, .ofs_x = 1, .ofs_y = 0},
    {.bitmap_index = 6104, .adv_w = 139, .box_w = 7, .box_h = 7, .ofs_x = 1, .ofs_y = 0},
    {.bitmap_index = 6129, .adv_w = 135, .box_w = 8, .box_h = 7, .ofs_x = 0, .ofs_y = 0},
    {.bitmap_index = 6157, .adv_w = 139, .box_w = 7, .box_h = 7, .ofs_x = 1, .ofs_y = 0},
    {.bitmap_index = 6182, .adv_w = 145, .box_w = 8, .box_h = 10, .ofs_x = 1, .ofs_y = -3},
    {.bitmap_index = 6222, .adv_w = 115, .box_w = 7, .box_h = 7, .ofs_x = 0, .ofs_y = 0},
    {.bitmap_index = 6247, .adv_w = 109, .box_w = 7, .box_h = 7, .ofs_x = 0, .ofs_y = 0},
    {.bitmap_index = 6272, .adv_w = 119, .box_w = 8, .box_h = 10, .ofs_x = 0, .ofs_y = -3},
    {.bitmap_index = 6312, .adv_w = 171, .box_w = 11, .box_h = 13, .ofs_x = 0, .ofs_y = -3},
    {.bitmap_index = 6384, .adv_w = 120, .box_w = 8, .box_h = 7, .ofs_x = 0, .ofs_y = 0},
    {.bitmap_index = 6412, .adv_w = 152, .box_w = 9, .box_h = 9, .ofs_x = 1, .ofs_y = -2},
    {.bitmap_index = 6453, .adv_w = 124, .box_w = 7, .box_h = 7, .ofs_x = 0, .ofs_y = 0},
    {.bitmap_index = 6478, .adv_w = 199, .box_w = 11, .box_h = 7, .ofs_x = 1, .ofs_y = 0},
    {.bitmap_index = 6517, .adv_w = 215, .box_w = 13, .box_h = 9, .ofs_x = 1, .ofs_y = -2},
    {.bitmap_index = 6576, .adv_w = 143, .box_w = 9, .box_h = 7, .ofs_x = 0, .ofs_y = 0},
    {.bitmap_index = 6608, .adv_w = 171, .box_w = 9, .box_h = 7, .ofs_x = 1, .ofs_y = 0},
    {.bitmap_index = 6640, .adv_w = 122, .box_w = 7, .box_h = 7, .ofs_x = 1, .ofs_y = 0},
    {.bitmap_index = 6665, .adv_w = 116, .box_w = 7, .box_h = 7, .ofs_x = 0, .ofs_y = 0},
    {.bitmap_index = 6690, .adv_w = 193, .box_w = 11, .box_h = 7, .ofs_x = 1, .ofs_y = 0},
    {.bitmap_index = 6729, .adv_w = 125, .box_w = 7, .box_h = 7, .ofs_x = 0, .ofs_y = 0},
    {.bitmap_index = 6754, .adv_w = 128, .box_w = 8, .box_h = 11, .ofs_x = 0, .ofs_y = 0},
    {.bitmap_index = 6798, .adv_w = 128, .box_w = 8, .box_h = 10, .ofs_x = 0, .ofs_y = 0},
    {.bitmap_index = 6838, .adv_w = 137, .box_w = 8, .box_h = 13, .ofs_x = 0, .ofs_y = -3},
    {.bitmap_index = 6890, .adv_w = 96, .box_w = 5, .box_h = 11, .ofs_x = 1, .ofs_y = 0},
    {.bitmap_index = 6918, .adv_w = 117, .box_w = 7, .box_h = 7, .ofs_x = 0, .ofs_y = 0},
    {.bitmap_index = 6943, .adv_w = 111, .box_w = 7, .box_h = 7, .ofs_x = 0, .ofs_y = 0},
    {.bitmap_index = 6968, .adv_w = 59, .box_w = 3, .box_h = 10, .ofs_x = 0, .ofs_y = 0},
    {.bitmap_index = 6983, .adv_w = 59, .box_w = 5, .box_h = 10, .ofs_x = -1, .ofs_y = 0},
    {.bitmap_index = 7008, .adv_w = 59, .box_w = 4, .box_h = 13, .ofs_x = -1, .ofs_y = -3},
    {.bitmap_index = 7034, .adv_w = 196, .box_w = 12, .box_h = 8, .ofs_x = 0, .ofs_y = -1},
    {.bitmap_index = 7082, .adv_w = 198, .box_w = 11, .box_h = 7, .ofs_x = 1, .ofs_y = 0},
    {.bitmap_index = 7121, .adv_w = 138, .box_w = 8, .box_h = 10, .ofs_x = 0, .ofs_y = 0},
    {.bitmap_index = 7161, .adv_w = 125, .box_w = 7, .box_h = 11, .ofs_x = 1, .ofs_y = 0},
    {.bitmap_index = 7200, .adv_w = 140, .box_w = 7, .box_h = 11, .ofs_x = 1, .ofs_y = 0},
    {.bitmap_index = 7239, .adv_w = 119, .box_w = 8, .box_h = 14, .ofs_x = 0, .ofs_y = -3},
    {.bitmap_index = 7295, .adv_w = 137, .box_w = 7, .box_h = 9, .ofs_x = 1, .ofs_y = -2},
    {.bitmap_index = 7327, .adv_w = 164, .box_w = 10, .box_h = 10, .ofs_x = 0, .ofs_y = 0},
    {.bitmap_index = 7377, .adv_w = 143, .box_w = 9, .box_h = 10, .ofs_x = 0, .ofs_y = 0},
    {.bitmap_index = 7422, .adv_w = 223, .box_w = 14, .box_h = 10, .ofs_x = 0, .ofs_y = 0},
    {.bitmap_index = 7492, .adv_w = 178, .box_w = 11, .box_h = 7, .ofs_x = 0, .ofs_y = 0},
    {.bitmap_index = 7531, .adv_w = 186, .box_w = 11, .box_h = 10, .ofs_x = 0, .ofs_y = 0},
    {.bitmap_index = 7586, .adv_w = 135, .box_w = 8, .box_h = 7, .ofs_x = 0, .ofs_y = 0},
    {.bitmap_index = 7614, .adv_w = 156, .box_w = 11, .box_h = 11, .ofs_x = 0, .ofs_y = 0},
    {.bitmap_index = 7675, .adv_w = 126, .box_w = 8, .box_h = 7, .ofs_x = 0, .ofs_y = 0},
    {.bitmap_index = 7703, .adv_w = 115, .box_w = 6, .box_h = 12, .ofs_x = 1, .ofs_y = 0},
    {.bitmap_index = 7739, .adv_w = 96, .box_w = 5, .box_h = 9, .ofs_x = 1, .ofs_y = 0},
    {.bitmap_index = 7762, .adv_w = 126, .box_w = 8, .box_h = 10, .ofs_x = 0, .ofs_y = 0},
    {.bitmap_index = 7802, .adv_w = 101, .box_w = 6, .box_h = 7, .ofs_x = 0, .ofs_y = 0},
    {.bitmap_index = 7823, .adv_w = 150, .box_w = 8, .box_h = 13, .ofs_x = 1, .ofs_y = -3},
    {.bitmap_index = 7875, .adv_w = 123, .box_w = 6, .box_h = 9, .ofs_x = 1, .ofs_y = -2},
    {.bitmap_index = 7902, .adv_w = 229, .box_w = 14, .box_h = 13, .ofs_x = 0, .ofs_y = -3},
    {.bitmap_index = 7993, .adv_w = 184, .box_w = 12, .box_h = 9, .ofs_x = 0, .ofs_y = -2},
    {.bitmap_index = 8047, .adv_w = 137, .box_w = 8, .box_h = 13, .ofs_x = 0, .ofs_y = -3},
    {.bitmap_index = 8099, .adv_w = 116, .box_w = 7, .box_h = 10, .ofs_x = 0, .ofs_y = -3},
    {.bitmap_index = 8134, .adv_w = 161, .box_w = 9, .box_h = 13, .ofs_x = 1, .ofs_y = -3},
    {.bitmap_index = 8193, .adv_w = 131, .box_w = 7, .box_h = 9, .ofs_x = 1, .ofs_y = -2},
    {.bitmap_index = 8225, .adv_w = 162, .box_w = 9, .box_h = 10, .ofs_x = 1, .ofs_y = 0},
    {.bitmap_index = 8270, .adv_w = 132, .box_w = 7, .box_h = 7, .ofs_x = 1, .ofs_y = 0},
    {.bitmap_index = 8295, .adv_w = 185, .box_w = 12, .box_h = 10, .ofs_x = 0, .ofs_y = 0},
    {.bitmap_index = 8355, .adv_w = 147, .box_w = 9, .box_h = 7, .ofs_x = 0, .ofs_y = 0},
    {.bitmap_index = 8387, .adv_w = 178, .box_w = 10, .box_h = 13, .ofs_x = 1, .ofs_y = -3},
    {.bitmap_index = 8452, .adv_w = 155, .box_w = 9, .box_h = 9, .ofs_x = 1, .ofs_y = -2},
    {.bitmap_index = 8493, .adv_w = 216, .box_w = 13, .box_h = 10, .ofs_x = 1, .ofs_y = 0},
    {.bitmap_index = 8558, .adv_w = 176, .box_w = 10, .box_h = 7, .ofs_x = 1, .ofs_y = 0},
    {.bitmap_index = 8593, .adv_w = 156, .box_w = 10, .box_h = 13, .ofs_x = 0, .ofs_y = -3},
    {.bitmap_index = 8658, .adv_w = 115, .box_w = 7, .box_h = 10, .ofs_x = 0, .ofs_y = -3},
    {.bitmap_index = 8693, .adv_w = 139, .box_w = 9, .box_h = 10, .ofs_x = 0, .ofs_y = 0},
    {.bitmap_index = 8738, .adv_w = 117, .box_w = 8, .box_h = 10, .ofs_x = 0, .ofs_y = -3},
    {.bitmap_index = 8778, .adv_w = 139, .box_w = 9, .box_h = 10, .ofs_x = 0, .ofs_y = 0},
    {.bitmap_index = 8823, .adv_w = 117, .box_w = 8, .box_h = 10, .ofs_x = 0, .ofs_y = -3},
    {.bitmap_index = 8863, .adv_w = 156, .box_w = 10, .box_h = 13, .ofs_x = 0, .ofs_y = -3},
    {.bitmap_index = 8928, .adv_w = 122, .box_w = 8, .box_h = 9, .ofs_x = 0, .ofs_y = -2},
    {.bitmap_index = 8964, .adv_w = 165, .box_w = 10, .box_h = 13, .ofs_x = 0, .ofs_y = -3},
    {.bitmap_index = 9029, .adv_w = 140, .box_w = 9, .box_h = 9, .ofs_x = 0, .ofs_y = -2},
    {.bitmap_index = 9070, .adv_w = 154, .box_w = 9, .box_h = 10, .ofs_x = 0, .ofs_y = 0},
    {.bitmap_index = 9115, .adv_w = 124, .box_w = 7, .box_h = 7, .ofs_x = 0, .ofs_y = 0},
    {.bitmap_index = 9140, .adv_w = 154, .box_w = 8, .box_h = 10, .ofs_x = 1, .ofs_y = 0},
    {.bitmap_index = 9180, .adv_w = 138, .box_w = 7, .box_h = 10, .ofs_x = 1, .ofs_y = 0},
    {.bitmap_index = 9215, .adv_w = 66, .box_w = 2, .box_h = 10, .ofs_x = 1, .ofs_y = 0},
    {.bitmap_index = 9225, .adv_w = 223, .box_w = 14, .box_h = 13, .ofs_x = 0, .ofs_y = 0},
    {.bitmap_index = 9316, .adv_w = 178, .box_w = 11, .box_h = 11, .ofs_x = 0, .ofs_y = 0},
    {.bitmap_index = 9377, .adv_w = 154, .box_w = 9, .box_h = 13, .ofs_x = 0, .ofs_y = -3},
    {.bitmap_index = 9436, .adv_w = 124, .box_w = 7, .box_h = 9, .ofs_x = 0, .ofs_y = -2},
    {.bitmap_index = 9468, .adv_w = 59, .box_w = 2, .box_h = 10, .ofs_x = 1, .ofs_y = 0},
    {.bitmap_index = 9478, .adv_w = 155, .box_w = 10, .box_h = 13, .ofs_x = 0, .ofs_y = 0},
    {.bitmap_index = 9543, .adv_w = 124, .box_w = 7, .box_h = 11, .ofs_x = 0, .ofs_y = 0},
    {.bitmap_index = 9582, .adv_w = 155, .box_w = 10, .box_h = 13, .ofs_x = 0, .ofs_y = 0},
    {.bitmap_index = 9647, .adv_w = 124, .box_w = 7, .box_h = 10, .ofs_x = 0, .ofs_y = 0},
    {.bitmap_index = 9682, .adv_w = 199, .box_w = 13, .box_h = 10, .ofs_x = -1, .ofs_y = 0},
    {.bitmap_index = 9747, .adv_w = 203, .box_w = 13, .box_h = 7, .ofs_x = 0, .ofs_y = 0},
    {.bitmap_index = 9793, .adv_w = 137, .box_w = 7, .box_h = 13, .ofs_x = 1, .ofs_y = 0},
    {.bitmap_index = 9839, .adv_w = 128, .box_w = 8, .box_h = 11, .ofs_x = 0, .ofs_y = 0},
    {.bitmap_index = 9883, .adv_w = 179, .box_w = 11, .box_h = 10, .ofs_x = 0, .ofs_y = 0},
    {.bitmap_index = 9938, .adv_w = 128, .box_w = 8, .box_h = 7, .ofs_x = 0, .ofs_y = 0},
    {.bitmap_index = 9966, .adv_w = 223, .box_w = 14, .box_h = 13, .ofs_x = 0, .ofs_y = 0},
    {.bitmap_index = 10057, .adv_w = 178, .box_w = 11, .box_h = 10, .ofs_x = 0, .ofs_y = 0},
    {.bitmap_index = 10112, .adv_w = 137, .box_w = 8, .box_h = 13, .ofs_x = 0, .ofs_y = 0},
    {.bitmap_index = 10164, .adv_w = 116, .box_w = 7, .box_h = 10, .ofs_x = 0, .ofs_y = 0},
    {.bitmap_index = 10199, .adv_w = 168, .box_w = 9, .box_h = 12, .ofs_x = 1, .ofs_y = 0},
    {.bitmap_index = 10253, .adv_w = 140, .box_w = 7, .box_h = 10, .ofs_x = 1, .ofs_y = 0},
    {.bitmap_index = 10288, .adv_w = 168, .box_w = 9, .box_h = 13, .ofs_x = 1, .ofs_y = 0},
    {.bitmap_index = 10347, .adv_w = 140, .box_w = 7, .box_h = 10, .ofs_x = 1, .ofs_y = 0},
    {.bitmap_index = 10382, .adv_w = 186, .box_w = 11, .box_h = 13, .ofs_x = 0, .ofs_y = 0},
    {.bitmap_index = 10454, .adv_w = 135, .box_w = 8, .box_h = 10, .ofs_x = 0, .ofs_y = 0},
    {.bitmap_index = 10494, .adv_w = 186, .box_w = 11, .box_h = 10, .ofs_x = 0, .ofs_y = 0},
    {.bitmap_index = 10549, .adv_w = 135, .box_w = 8, .box_h = 7, .ofs_x = 0, .ofs_y = 0},
    {.bitmap_index = 10577, .adv_w = 143, .box_w = 9, .box_h = 13, .ofs_x = 0, .ofs_y = 0},
    {.bitmap_index = 10636, .adv_w = 119, .box_w = 8, .box_h = 13, .ofs_x = 0, .ofs_y = -3},
    {.bitmap_index = 10688, .adv_w = 143, .box_w = 9, .box_h = 13, .ofs_x = 0, .ofs_y = 0},
    {.bitmap_index = 10747, .adv_w = 119, .box_w = 8, .box_h = 13, .ofs_x = 0, .ofs_y = -3},
    {.bitmap_index = 10799, .adv_w = 143, .box_w = 9, .box_h = 14, .ofs_x = 0, .ofs_y = 0},
    {.bitmap_index = 10862, .adv_w = 119, .box_w = 8, .box_h = 14, .ofs_x = 0, .ofs_y = -3},
    {.bitmap_index = 10918, .adv_w = 154, .box_w = 9, .box_h = 13, .ofs_x = 0, .ofs_y = 0},
    {.bitmap_index = 10977, .adv_w = 124, .box_w = 7, .box_h = 10, .ofs_x = 0, .ofs_y = 0},
    {.bitmap_index = 11012, .adv_w = 115, .box_w = 6, .box_h = 13, .ofs_x = 1, .ofs_y = -3},
    {.bitmap_index = 11051, .adv_w = 96, .box_w = 5, .box_h = 9, .ofs_x = 1, .ofs_y = -2},
    {.bitmap_index = 11074, .adv_w = 201, .box_w = 11, .box_h = 13, .ofs_x = 1, .ofs_y = 0},
    {.bitmap_index = 11146, .adv_w = 171, .box_w = 9, .box_h = 10, .ofs_x = 1, .ofs_y = 0}
};

/*---------------------
 *  CHARACTER MAPPING
 *--------------------*/

static const uint16_t unicode_list_2[] = {
    0x0, 0x1, 0x8, 0x9, 0x10, 0x11, 0x12, 0x13
};

static const uint8_t glyph_id_ofs_list_3[] = {
    0, 1, 2, 3, 4, 5, 6, 7,
    8, 9, 10, 11, 12, 13, 0, 0,
    14, 15, 16, 17, 18, 19, 0, 0,
    0, 0, 20, 21, 0, 0, 22, 23,
    24, 25, 26, 27, 0, 0, 28, 29,
    30, 31, 32, 33, 0, 0, 0, 0,
    34, 35, 36, 0, 0, 0, 0, 0,
    0, 0, 0, 37, 38, 0, 0, 39,
    40, 41, 42, 43, 44, 45, 46, 47,
    48, 49, 0, 0, 50, 51, 52, 53,
    0, 0, 54, 55, 56, 57, 58, 59,
    60, 61, 0, 0, 0, 0, 62, 63,
    64, 65, 66, 67, 68, 69, 70, 71,
    72, 73
};

/*Collect the unicode lists and glyph_id offsets*/
static const lv_font_fmt_txt_cmap_t cmaps[] =
{
    {
        .range_start = 32, .range_length = 95, .glyph_id_start = 1,
        .unicode_list = NULL, .glyph_id_ofs_list = NULL, .list_length = 0, .type = LV_FONT_FMT_TXT_CMAP_FORMAT0_TINY
    },
    {
        .range_start = 1024, .range_length = 96, .glyph_id_start = 96,
        .unicode_list = NULL, .glyph_id_ofs_list = NULL, .list_length = 0, .type = LV_FONT_FMT_TXT_CMAP_FORMAT0_TINY
    },
    {
        .range_start = 1122, .range_length = 20, .glyph_id_start = 192,
        .unicode_list = unicode_list_2, .glyph_id_ofs_list = NULL, .list_length = 8, .type = LV_FONT_FMT_TXT_CMAP_SPARSE_TINY
    },
    {
        .range_start = 1168, .range_length = 106, .glyph_id_start = 200,
        .unicode_list = NULL, .glyph_id_ofs_list = glyph_id_ofs_list_3, .list_length = 106, .type = LV_FONT_FMT_TXT_CMAP_FORMAT0_FULL
    }
};

/*-----------------
 *    KERNING
 *----------------*/


/*Pair left and right glyphs for kerning*/
static const uint16_t kern_pair_glyph_ids[] =
{
    3, 13,
    3, 15,
    3, 21,
    3, 24,
    3, 25,
    3, 61,
    7, 14,
    8, 13,
    8, 15,
    8, 21,
    8, 24,
    8, 25,
    8, 61,
    9, 16,
    9, 61,
    11, 13,
    11, 15,
    11, 18,
    13, 3,
    13, 8,
    13, 11,
    13, 16,
    13, 17,
    13, 18,
    13, 21,
    13, 22,
    13, 23,
    14, 18,
    14, 21,
    14, 24,
    14, 26,
    15, 3,
    15, 8,
    15, 11,
    15, 16,
    15, 17,
    15, 18,
    15, 21,
    15, 22,
    15, 23,
    16, 10,
    16, 16,
    16, 61,
    16, 62,
    16, 94,
    17, 13,
    17, 15,
    17, 19,
    17, 21,
    17, 24,
    19, 24,
    20, 18,
    20, 24,
    21, 3,
    21, 8,
    21, 14,
    21, 18,
    21, 21,
    21, 24,
    21, 26,
    23, 3,
    23, 8,
    23, 18,
    23, 20,
    23, 21,
    23, 24,
    23, 26,
    24, 3,
    24, 8,
    24, 13,
    24, 14,
    24, 15,
    24, 17,
    24, 18,
    24, 19,
    24, 21,
    24, 22,
    24, 23,
    24, 25,
    24, 26,
    25, 3,
    25, 8,
    25, 21,
    26, 13,
    26, 15,
    26, 19,
    26, 21,
    26, 24,
    32, 3,
    32, 8,
    60, 16,
    60, 61,
    61, 10,
    61, 13,
    61, 15,
    61, 16,
    61, 61,
    61, 62,
    61, 64,
    61, 94,
    64, 16,
    92, 16,
    92, 61
};

/* Kerning between the respective left and right glyphs
 * 4.4 format which needs to scaled with `kern_scale`*/
static const int8_t kern_pair_values[] =
{
    -24, -24, -11, 2, -2, 4, -2, -24,
    -24, -11, 2, -2, 4, 1, 1, -11,
    -11, 4, -24, -24, -11, 9, -2, -20,
    4, 4, -2, -20, 13, -16, -2, -24,
    -24, -11, 9, -2, -20, 4, 4, -2,
    1, -34, 11, 1, 1, -2, -2, -4,
    2, -4, -2, -2, -4, -7, -7, 4,
    -9, 4, -7, -7, -9, -9, -7, -2,
    4, -4, -2, 4, 4, -25, -13, -25,
    -2, 2, -4, -9, -9, -2, -4, -2,
    -2, -2, 4, -2, -2, -4, 2, -4,
    7, 7, 1, 1, 1, 9, 9, 11,
    -34, 1, 11, 1, 5, 1, 1
};

/*Collect the kern pair's data in one place*/
static const lv_font_fmt_txt_kern_pair_t kern_pairs =
{
    .glyph_ids = kern_pair_glyph_ids,
    .values = kern_pair_values,
    .pair_cnt = 103,
    .glyph_ids_size = 1
};

/*--------------------
 *  ALL CUSTOM DATA
 *--------------------*/

#if LVGL_VERSION_MAJOR == 8
/*Store all the custom data of the font*/
static  lv_font_fmt_txt_glyph_cache_t cache;
#endif

#if LVGL_VERSION_MAJOR >= 8
static const lv_font_fmt_txt_dsc_t font_dsc = {
#else
static lv_font_fmt_txt_dsc_t font_dsc = {
#endif
    .glyph_bitmap = glyph_bitmap,
    .glyph_dsc = glyph_dsc,
    .cmaps = cmaps,
    .kern_dsc = &kern_pairs,
    .kern_scale = 16,
    .cmap_num = 4,
    .bpp = 4,
    .kern_classes = 0,
    .bitmap_format = 0,
#if LVGL_VERSION_MAJOR == 8
    .cache = &cache
#endif
};



/*-----------------
 *  PUBLIC FONT
 *----------------*/

/*Initialize a public general font descriptor*/
#if LVGL_VERSION_MAJOR >= 8
const lv_font_t ui_font_Geologica14 = {
#else
lv_font_t ui_font_Geologica14 = {
#endif
    .get_glyph_dsc = lv_font_get_glyph_dsc_fmt_txt,    /*Function pointer to get glyph's data*/
    .get_glyph_bitmap = lv_font_get_bitmap_fmt_txt,    /*Function pointer to get glyph's bitmap*/
    .line_height = 17,          /*The maximum line height required by the font*/
    .base_line = 3,             /*Baseline measured from the bottom of the line*/
#if !(LVGL_VERSION_MAJOR == 6 && LVGL_VERSION_MINOR == 0)
    .subpx = LV_FONT_SUBPX_NONE,
#endif
#if LV_VERSION_CHECK(7, 4, 0) || LVGL_VERSION_MAJOR >= 8
    .underline_position = -1,
    .underline_thickness = 0,
#endif
    .dsc = &font_dsc,          /*The custom font data. Will be accessed by `get_glyph_bitmap/dsc` */
#if LV_VERSION_CHECK(8, 2, 0) || LVGL_VERSION_MAJOR >= 9
    .fallback = NULL,
#endif
    .user_data = NULL,
};



#endif /*#if UI_FONT_GEOLOGICA14*/

